{"stats":{"minecraft:dropped":{"minecraft:iron_sword":4,"minecraft:cooked_beef":12,"minecraft:smithing_table":1,"minecraft:crafting_table":1,"minecraft:feather":3,"minecraft:book":1,"minecraft:oak_planks":103,"minecraft:stick":19,"minecraft:golden_leggings":1,"minecraft:golden_sword":1,"minecraft:spruce_log":7,"minecraft:arrow":2,"minecraft:beef":10,"minecraft:orange_bed":2},"minecraft:broken":{"minecraft:leather_boots":1,"minecraft:wooden_axe":1},"minecraft:used":{"minecraft:flint_and_steel":12,"minecraft:stone_pickaxe":4,"butcher:butchers_knife":42,"minecraft:oak_planks":54,"minecraft:shield":21,"minecraft:chest":2,"minecraft:wooden_pickaxe":3,"minecraft:iron_sword":83,"minecraft:white_wool":1,"minecraft:orange_bed":2,"minecraft:mutton":6,"minecraft:crafting_table":5,"tombstone:bag_of_seeds":2,"minecraft:wooden_axe":67,"minecraft:diamond_pickaxe":13,"minecraft:apple":4,"minecraft:golden_leggings":2,"minecraft:stone_axe":91,"minecraft:cobblestone":1,"minecraft:beef":5,"minecraft:chain":6,"minecraft:egg":1,"comforts:sleeping_bag_white":4,"minecraft:acacia_planks":29,"minecraft:cooked_beef":8,"minecraft:iron_leggings":2,"minecraft:splash_potion":1},"minecraft:killed":{"golems:golem":1,"minecraft:sheep":12,"minecraft:zombie":2,"minecraft:bee":1,"mca:male_villager":1,"mca:female_villager":1,"minecraft:cow":12},"minecraft:custom":{"minecraft:interact_with_furnace":11,"minecraft:mob_kills":32,"minecraft:interact_with_crafting_table":16,"minecraft:open_barrel":1,"minecraft:time_since_death":36085,"minecraft:sleep_in_bed":5,"minecraft:climb_one_cm":228,"minecraft:time_since_rest":1360,"minecraft:sprint_one_cm":202942,"minecraft:damage_taken":1396,"minecraft:walk_one_cm":160741,"minecraft:damage_blocked_by_shield":795,"minecraft:drop":25,"minecraft:damage_dealt":5471,"minecraft:talked_to_villager":2,"minecraft:swim_one_cm":157549,"minecraft:fly_one_cm":154276,"minecraft:open_chest":20,"minecraft:crouch_one_cm":1403,"tombstone:undead_killed":2,"minecraft:play_time":65401,"minecraft:deaths":2,"minecraft:sneak_time":977,"minecraft:walk_under_water_one_cm":27551,"tombstone:villager_killed":2,"minecraft:jump":1161,"minecraft:walk_on_water_one_cm":15576,"minecraft:interact_with_smoker":1,"minecraft:total_world_time":65401,"minecraft:fall_one_cm":31902},"minecraft:killed_by":{"minecraft:skeleton":1},"minecraft:picked_up":{"minecraft:crafting_table":4,"minecraft:feather":3,"minecraft:cooked_beef":20,"minecraft:leather":17,"minecraft:smithing_table":2,"minecraft:chain":1,"minecraft:oak_log":83,"butcher:cowcorpseitem":4,"minecraft:leather_boots":1,"minecraft:iron_leggings":1,"minecraft:compass":1,"minecraft:bone":2,"minecraft:acacia_planks":5,"minecraft:apple":4,"minecraft:kelp":39,"minecraft:wheat_seeds":1,"comforts:sleeping_bag_white":4,"minecraft:iron_ingot":1,"minecraft:beef":15,"butcher:villager_corpse_item":2,"tombstone:bag_of_seeds":1,"minecraft:light_gray_wool":1,"minecraft:sugar_cane":31,"minecraft:chest":4,"minecraft:oak_planks":107,"minecraft:iron_sword":1,"minecraft:egg":1,"minecraft:book":29,"minecraft:stick":26,"minecraft:raw_iron":12,"minecraft:acacia_log":8,"sophisticatedbackpacks:backpack":1,"butcher:sheep_corpse_item":8,"minecraft:spruce_sapling":12,"tombstone:grave_dust":1,"minecraft:spruce_log":7,"minecraft:orange_bed":5,"minecraft:arrow":1,"minecraft:rotten_flesh":2,"minecraft:chainmail_helmet":1,"minecraft:gray_wool":1,"minecraft:emerald":17,"argentinas_delight:cuernodetoro":2,"minecraft:oak_sapling":45,"minecraft:mutton":6,"minecraft:white_wool":10,"minecraft:cobblestone":9},"minecraft:mined":{"minecraft:smithing_table":1,"minecraft:crafting_table":4,"minecraft:acacia_log":9,"minecraft:chest":4,"minecraft:kelp":1,"minecraft:sugar_cane":13,"minecraft:oak_planks":5,"minecraft:chain":1,"minecraft:spruce_sapling":3,"minecraft:iron_ore":12,"minecraft:fire":13,"minecraft:spruce_log":15,"minecraft:grass":13,"minecraft:bookshelf":8,"minecraft:oak_log":83,"minecraft:acacia_planks":5,"minecraft:stone":7,"minecraft:orange_bed":5},"minecraft:crafted":{"minecraft:oak_planks":84,"minecraft:iron_nugget":18,"minecraft:crafting_table":2,"comforts:sleeping_bag_white":1,"minecraft:wooden_pickaxe":1,"minecraft:chain":5,"minecraft:bone_meal":3,"minecraft:stone_axe":1,"minecraft:air":0,"minecraft:iron_bars":16,"minecraft:diamond_pickaxe":1,"minecraft:shield":1,"minecraft:stick":24,"butcher:hook":1,"minecraft:iron_ingot":11,"minecraft:stone_pickaxe":1,"minecraft:wooden_axe":1,"butcher:butchers_knife":1,"minecraft:acacia_planks":32}},"DataVersion":3465}