{"stats":{"minecraft:dropped":{"minecraft:iron_sword":1,"minecraft:smithing_table":1,"minecraft:crafting_table":1,"minecraft:book":1,"minecraft:oak_planks":100,"minecraft:stick":19,"minecraft:golden_sword":1,"minecraft:spruce_log":7,"minecraft:arrow":2},"minecraft:crafted":{"minecraft:oak_planks":76,"minecraft:crafting_table":1,"comforts:sleeping_bag_white":1,"minecraft:wooden_pickaxe":1,"minecraft:bone_meal":3,"minecraft:stone_axe":1,"minecraft:stick":4,"minecraft:iron_ingot":3,"minecraft:stone_pickaxe":1,"minecraft:wooden_axe":1},"minecraft:used":{"minecraft:stone_pickaxe":3,"minecraft:oak_planks":31,"minecraft:wooden_pickaxe":3,"minecraft:iron_sword":35,"minecraft:orange_bed":1,"minecraft:white_wool":1,"minecraft:mutton":6,"minecraft:crafting_table":3,"minecraft:wooden_axe":67,"minecraft:apple":2,"minecraft:stone_axe":63,"minecraft:egg":1,"comforts:sleeping_bag_white":2,"minecraft:splash_potion":1},"minecraft:custom":{"minecraft:interact_with_furnace":1,"minecraft:mob_kills":9,"minecraft:interact_with_crafting_table":7,"minecraft:open_barrel":1,"minecraft:time_since_death":209,"minecraft:sleep_in_bed":2,"minecraft:climb_one_cm":228,"minecraft:time_since_rest":1,"minecraft:sprint_one_cm":74489,"minecraft:damage_taken":562,"minecraft:walk_one_cm":75649,"minecraft:drop":11,"minecraft:damage_dealt":2681,"minecraft:swim_one_cm":116199,"minecraft:fly_one_cm":44924,"minecraft:open_chest":8,"minecraft:crouch_one_cm":723,"minecraft:play_time":29525,"minecraft:deaths":2,"minecraft:sneak_time":509,"minecraft:walk_under_water_one_cm":22853,"minecraft:jump":351,"minecraft:walk_on_water_one_cm":10524,"minecraft:total_world_time":29525,"minecraft:fall_one_cm":10299},"minecraft:broken":{"minecraft:wooden_axe":1},"minecraft:killed":{"golems:golem":1,"minecraft:sheep":4,"minecraft:cow":4},"minecraft:picked_up":{"minecraft:crafting_table":3,"minecraft:leather":5,"minecraft:smithing_table":2,"minecraft:oak_log":83,"minecraft:compass":1,"minecraft:apple":2,"minecraft:kelp":39,"comforts:sleeping_bag_white":2,"minecraft:beef":8,"minecraft:sugar_cane":17,"minecraft:chest":4,"minecraft:iron_sword":1,"minecraft:oak_planks":67,"minecraft:egg":1,"minecraft:book":29,"minecraft:stick":19,"minecraft:spruce_sapling":7,"minecraft:spruce_log":7,"minecraft:orange_bed":5,"minecraft:arrow":1,"minecraft:emerald":16,"minecraft:oak_sapling":45,"minecraft:mutton":6,"minecraft:white_wool":4,"minecraft:cobblestone":6},"minecraft:killed_by":{"minecraft:skeleton":1},"minecraft:mined":{"minecraft:smithing_table":1,"minecraft:crafting_table":3,"minecraft:chest":4,"minecraft:sugar_cane":7,"minecraft:oak_planks":5,"minecraft:spruce_sapling":3,"minecraft:spruce_log":7,"minecraft:grass":2,"minecraft:bookshelf":8,"minecraft:oak_log":83,"minecraft:stone":6,"minecraft:orange_bed":5}},"DataVersion":3465}