{"stats":{"minecraft:killed":{"minecraft:witch":1,"minecraft:vindicator":1,"minecraft:spider":13,"minecraft:iron_golem":1,"minecraft:zombie_horse":2,"minecraft:creeper":6,"minecraft:horse":1,"minecraft:skeleton":8,"minecraft:zombie":31,"minecraft:stray":7,"mca:male_villager":4,"mca:female_villager":11,"minecraft:skeleton_horse":1},"minecraft:picked_up":{"minecraft:wheat":1,"minecraft:leather_leggings":1,"cgm:heavy_rifle":1,"minecraft:dirt":17,"minecraft:string":3,"minecraft:white_carpet":1,"minecraft:bone":2,"minecraft:stone_bricks":2,"minecraft:wheat_seeds":2,"minecraft:iron_ingot":1,"protection_pixel:flarerod":1,"minecraft:spruce_trapdoor":1,"protection_pixel:heatpulsethruster":1,"protection_pixel:brassarmorplate":3,"sophisticatedbackpacks:backpack":1,"minecraft:spruce_stairs":1,"minecraft:stone_button":1,"tombstone:grave_dust":1,"minecraft:spider_eye":1,"minecraft:rotten_flesh":8,"protection_pixel:pneumaticgrenadelauncharm":1,"protection_pixel:powerengine":1,"tombstone:magic_scroll":1,"minecraft:cobblestone":45},"minecraft:killed_by":{"minecraft:skeleton":1},"minecraft:custom":{"minecraft:mob_kills":110,"minecraft:interact_with_anvil":4,"tombstone:raider_killed":2,"minecraft:damage_dealt_resisted":290,"minecraft:leave_game":1,"minecraft:time_since_death":49903,"minecraft:damage_resisted":237,"minecraft:time_since_rest":49544,"minecraft:sprint_one_cm":53839,"minecraft:walk_one_cm":104419,"minecraft:damage_taken":1329,"minecraft:damage_absorbed":548,"minecraft:drop":22,"minecraft:fly_one_cm":83237,"minecraft:player_kills":3,"minecraft:open_chest":2,"minecraft:crouch_one_cm":890,"minecraft:play_time":51452,"tombstone:undead_killed":49,"minecraft:deaths":1,"minecraft:sneak_time":496,"tombstone:villager_killed":15,"minecraft:jump":274,"minecraft:walk_on_water_one_cm":112,"minecraft:total_world_time":51452,"minecraft:fall_one_cm":13331},"minecraft:dropped":{"protection_pixel:watertank":1,"minecraft:iron_ingot":1,"protection_pixel:lancer_helmet":1,"minecraft:wheat_seeds":1,"protection_pixel:flarerod":1,"protection_pixel:pioneer_chestplate":1,"minecraft:rotten_flesh":8,"protection_pixel:powerengine":1,"protection_pixel:socks_boots":1,"minecraft:spruce_stairs":1,"protection_pixel:heatpulsethruster":2,"minecraft:stone_button":1,"tombstone:magic_scroll":1,"tombstone:grave_dust":1,"minecraft:leather_leggings":1,"minecraft:spider_eye":1,"cgm:heavy_rifle":3,"protection_pixel:pneumaticgrenadelauncharm":1,"protection_pixel:anchorpoint_leggings":1},"minecraft:crafted":{"protection_pixel:heatpulsethruster":1},"minecraft:mined":{"minecraft:grass_block":1,"minecraft:stone":45},"minecraft:used":{"minecraft:ender_pearl":1,"create:mechanical_pump":1,"minecraft:anvil":1,"create:cogwheel":3,"protection_pixel:pneumaticpickaxe":46,"cgm:shotgun":127,"minecraft:grass_block":16,"create:creative_motor":1,"minecraft:golden_carrot":5,"create:fluid_pipe":3,"tombstone:gift":3,"create:creative_fluid_tank":1,"protection_pixel:armorloadplatform":3,"minecraft:enchanted_golden_apple":5,"cgm:heavy_rifle":91}},"DataVersion":3465}