{"stats":{"minecraft:dropped":{"minecraft:iron_sword":3,"minecraft:cooked_beef":12,"minecraft:smithing_table":1,"minecraft:crafting_table":1,"minecraft:book":1,"minecraft:oak_planks":100,"minecraft:stick":19,"minecraft:golden_leggings":1,"minecraft:golden_sword":1,"minecraft:spruce_log":7,"minecraft:arrow":2,"minecraft:beef":10,"minecraft:orange_bed":2},"minecraft:crafted":{"minecraft:oak_planks":76,"minecraft:crafting_table":2,"comforts:sleeping_bag_white":1,"minecraft:wooden_pickaxe":1,"minecraft:bone_meal":3,"minecraft:stone_axe":1,"minecraft:diamond_pickaxe":1,"minecraft:stick":8,"minecraft:iron_ingot":3,"minecraft:stone_pickaxe":1,"minecraft:wooden_axe":1},"minecraft:used":{"minecraft:flint_and_steel":11,"minecraft:stone_pickaxe":3,"minecraft:oak_planks":54,"minecraft:wooden_pickaxe":3,"minecraft:iron_sword":63,"minecraft:orange_bed":2,"minecraft:white_wool":1,"minecraft:mutton":6,"minecraft:crafting_table":5,"minecraft:wooden_axe":67,"minecraft:apple":2,"minecraft:stone_axe":75,"minecraft:beef":5,"minecraft:egg":1,"comforts:sleeping_bag_white":3,"minecraft:cooked_beef":4,"minecraft:splash_potion":1},"minecraft:custom":{"minecraft:interact_with_furnace":2,"minecraft:mob_kills":20,"minecraft:interact_with_crafting_table":8,"minecraft:open_barrel":1,"minecraft:time_since_death":12209,"minecraft:sleep_in_bed":3,"minecraft:climb_one_cm":228,"minecraft:time_since_rest":3260,"minecraft:sprint_one_cm":147681,"minecraft:damage_taken":877,"minecraft:walk_one_cm":106964,"minecraft:drop":20,"minecraft:damage_dealt":3390,"minecraft:swim_one_cm":122418,"minecraft:fly_one_cm":102654,"minecraft:open_chest":10,"minecraft:crouch_one_cm":953,"minecraft:play_time":41525,"minecraft:deaths":2,"minecraft:sneak_time":730,"minecraft:walk_under_water_one_cm":23732,"minecraft:jump":675,"minecraft:walk_on_water_one_cm":11513,"minecraft:total_world_time":41525,"minecraft:fall_one_cm":18857},"minecraft:broken":{"minecraft:wooden_axe":1},"minecraft:killed":{"golems:golem":1,"minecraft:sheep":4,"minecraft:bee":1,"minecraft:cow":12},"minecraft:picked_up":{"minecraft:crafting_table":4,"minecraft:cooked_beef":20,"minecraft:leather":17,"minecraft:smithing_table":2,"minecraft:oak_log":83,"minecraft:compass":1,"minecraft:apple":2,"minecraft:kelp":39,"comforts:sleeping_bag_white":3,"minecraft:beef":15,"minecraft:sugar_cane":17,"minecraft:chest":4,"minecraft:iron_sword":1,"minecraft:oak_planks":105,"minecraft:egg":1,"minecraft:book":29,"minecraft:stick":19,"minecraft:spruce_sapling":12,"minecraft:spruce_log":7,"minecraft:orange_bed":5,"minecraft:arrow":1,"minecraft:emerald":16,"argentinas_delight:cuernodetoro":2,"minecraft:oak_sapling":45,"minecraft:mutton":6,"minecraft:white_wool":4,"minecraft:cobblestone":8},"minecraft:killed_by":{"minecraft:skeleton":1},"minecraft:mined":{"minecraft:smithing_table":1,"minecraft:crafting_table":4,"minecraft:chest":4,"minecraft:sugar_cane":7,"minecraft:oak_planks":5,"minecraft:spruce_sapling":3,"minecraft:fire":12,"minecraft:spruce_log":15,"minecraft:grass":7,"minecraft:bookshelf":8,"minecraft:oak_log":83,"minecraft:stone":6,"minecraft:orange_bed":5}},"DataVersion":3465}