{"stats":{"minecraft:killed":{"minecraft:witch":1,"minecraft:vindicator":1,"minecraft:spider":18,"minecraft:iron_golem":1,"golems:golem":12,"minecraft:zombie_horse":2,"minecraft:creeper":12,"minecraft:horse":1,"minecraft:skeleton":11,"minecraft:zombie":38,"minecraft:stray":7,"mca:male_villager":4,"screamfromthecold:wendigo":1,"mca:female_villager":11,"minecraft:skeleton_horse":2},"minecraft:picked_up":{"minecraft:wheat":1,"minecraft:leather_leggings":1,"cgm:heavy_rifle":1,"minecraft:gunpowder":1,"minecraft:dirt":17,"minecraft:string":6,"tombstone:gift":1,"minecraft:white_carpet":1,"minecraft:bone":4,"minecraft:beetroot":2,"minecraft:stone_bricks":2,"minecraft:wheat_seeds":2,"minecraft:iron_ingot":1,"protection_pixel:flarerod":1,"minecraft:spruce_trapdoor":1,"minecraft:iron_boots":1,"protection_pixel:heatpulsethruster":1,"protection_pixel:brassarmorplate":3,"sophisticatedbackpacks:backpack":1,"minecraft:spruce_stairs":1,"minecraft:stone_button":1,"tombstone:grave_dust":2,"minecraft:spider_eye":1,"minecraft:arrow":2,"minecraft:rotten_flesh":11,"minecraft:beetroot_seeds":3,"protection_pixel:pneumaticgrenadelauncharm":1,"protection_pixel:powerengine":1,"tombstone:magic_scroll":1,"protection_pixel:openedmaneuveringwing":1,"minecraft:cobblestone":46},"minecraft:killed_by":{"minecraft:player":2,"minecraft:skeleton":1},"minecraft:custom":{"minecraft:mob_kills":148,"minecraft:interact_with_anvil":7,"tombstone:raider_killed":2,"minecraft:damage_dealt_resisted":290,"minecraft:leave_game":2,"minecraft:time_since_death":1515,"minecraft:damage_resisted":700,"minecraft:time_since_rest":1246,"minecraft:sprint_one_cm":65306,"minecraft:walk_one_cm":133710,"minecraft:damage_taken":3015,"minecraft:damage_absorbed":1189,"minecraft:drop":41,"minecraft:fly_one_cm":100887,"minecraft:player_kills":6,"minecraft:open_chest":2,"minecraft:crouch_one_cm":1482,"minecraft:play_time":67415,"tombstone:undead_killed":61,"minecraft:deaths":3,"minecraft:sneak_time":647,"minecraft:aviate_one_cm":35047,"tombstone:villager_killed":15,"minecraft:jump":358,"minecraft:walk_on_water_one_cm":112,"minecraft:total_world_time":67415,"minecraft:fall_one_cm":28105},"minecraft:dropped":{"protection_pixel:watertank":1,"minecraft:iron_ingot":1,"protection_pixel:lancer_helmet":3,"minecraft:wheat_seeds":1,"protection_pixel:flarerod":1,"protection_pixel:pioneer_chestplate":3,"minecraft:beetroot":2,"minecraft:rotten_flesh":10,"minecraft:iron_boots":1,"protection_pixel:powerengine":2,"protection_pixel:socks_boots":3,"minecraft:spruce_stairs":1,"protection_pixel:heatpulsethruster":3,"minecraft:stone_button":1,"tombstone:magic_scroll":1,"minecraft:beetroot_seeds":3,"protection_pixel:openedmaneuveringwing":1,"tombstone:grave_dust":2,"minecraft:leather_leggings":1,"minecraft:spider_eye":1,"cgm:heavy_rifle":3,"protection_pixel:slingshot_leggings":2,"minecraft:string":3,"protection_pixel:pneumaticgrenadelauncharm":1,"protection_pixel:anchorpoint_leggings":1},"minecraft:crafted":{"protection_pixel:heatpulsethruster":1},"minecraft:mined":{"minecraft:grass_block":1,"minecraft:stone":45},"minecraft:used":{"minecraft:ender_pearl":1,"create:mechanical_pump":1,"minecraft:anvil":2,"create:cogwheel":3,"cgm:bazooka":6,"protection_pixel:pneumaticpickaxe":46,"protection_pixel:socks_boots":1,"cgm:shotgun":177,"minecraft:grass_block":16,"cgm:grenade":33,"create:creative_motor":1,"minecraft:golden_carrot":10,"create:fluid_pipe":3,"tombstone:gift":7,"create:creative_fluid_tank":1,"protection_pixel:armorloadplatform":3,"minecraft:enchanted_golden_apple":10,"cgm:heavy_rifle":119}},"DataVersion":3465}