{"stats":{"minecraft:dropped":{"minecraft:iron_sword":4,"minecraft:wheat_seeds":1,"minecraft:cooked_beef":12,"minecraft:smithing_table":1,"minecraft:crafting_table":1,"minecraft:feather":3,"minecraft:cobblestone":2,"minecraft:book":1,"minecraft:stick":19,"minecraft:dirt":1,"minecraft:orange_bed":2,"minecraft:oak_planks":103,"sophisticatedbackpacks:backpack":1,"minecraft:shield":1,"minecraft:golden_leggings":1,"minecraft:golden_sword":1,"minecraft:spruce_log":7,"minecraft:arrow":2,"minecraft:bow":1,"minecraft:beef":10},"minecraft:crafted":{"minecraft:oak_planks":84,"minecraft:iron_nugget":18,"butcher:rump_steak":4,"comforts:sleeping_bag_white":1,"minecraft:chain":5,"minecraft:furnace":5,"minecraft:bone_meal":3,"minecraft:iron_bars":16,"minecraft:stone_pickaxe":1,"golems:guide_book":1,"minecraft:iron_trapdoor":3,"minecraft:crafting_table":2,"minecraft:wooden_pickaxe":1,"butcher:skinning_knife":1,"minecraft:stone_axe":1,"minecraft:air":0,"minecraft:diamond_pickaxe":1,"butcher:cooked_villager_meat":7,"minecraft:shield":1,"minecraft:stick":24,"butcher:hook":1,"minecraft:iron_ingot":27,"minecraft:wooden_axe":1,"butcher:butchers_knife":1,"minecraft:acacia_planks":32,"minecraft:torch":20,"minecraft:shears":1,"butcher:butcherstable":1},"minecraft:custom":{"minecraft:mob_kills":37,"minecraft:interact_with_crafting_table":24,"minecraft:open_barrel":1,"minecraft:leave_game":1,"minecraft:time_since_death":31925,"minecraft:climb_one_cm":228,"minecraft:sprint_one_cm":259572,"minecraft:walk_one_cm":249474,"minecraft:damage_blocked_by_shield":2040,"minecraft:drop":31,"minecraft:talked_to_villager":2,"minecraft:play_time":108478,"minecraft:deaths":3,"minecraft:sneak_time":1725,"minecraft:walk_under_water_one_cm":27551,"minecraft:jump":1741,"minecraft:walk_on_water_one_cm":15576,"minecraft:total_world_time":108478,"minecraft:interact_with_furnace":31,"minecraft:sleep_in_bed":8,"minecraft:time_since_rest":5601,"minecraft:damage_taken":1976,"minecraft:damage_dealt":5892,"minecraft:swim_one_cm":157549,"minecraft:fly_one_cm":208338,"minecraft:open_chest":67,"minecraft:crouch_one_cm":2613,"tombstone:undead_killed":7,"tombstone:villager_killed":2,"minecraft:interact_with_smoker":9,"minecraft:fall_one_cm":49627},"minecraft:used":{"butcher:rump_steak":4,"minecraft:flint_and_steel":12,"minecraft:carved_pumpkin":1,"butcher:skinned_drained_sheep_corpse_item":1,"minecraft:chest":4,"minecraft:shield":35,"minecraft:iron_sword":90,"minecraft:rotten_flesh":2,"minecraft:orange_bed":2,"minecraft:torch":8,"minecraft:dirt":8,"minecraft:mutton":6,"butcher:sheep_corpse_item":2,"butcher:cowcorpseitem":4,"butcher:sheephead":1,"minecraft:wooden_axe":67,"butcher:cow_headf":3,"minecraft:golden_carrot":1,"minecraft:beef":6,"minecraft:furnace":5,"tombstone:gift":2,"comforts:sleeping_bag_white":6,"minecraft:egg":1,"minecraft:cooked_beef":8,"minecraft:acacia_planks":42,"minecraft:pumpkin":20,"minecraft:iron_leggings":2,"butcher:villager_corpse_item":2,"minecraft:stone_pickaxe":54,"butcher:butchers_knife":42,"minecraft:oak_planks":56,"butcher:cooked_villager_meat":7,"minecraft:wooden_pickaxe":3,"minecraft:white_wool":1,"minecraft:crafting_table":5,"minecraft:shears":20,"minecraft:smoker":2,"tombstone:bag_of_seeds":2,"minecraft:diamond_pickaxe":25,"minecraft:apple":4,"butcher:drained_villager_corpse_item":2,"minecraft:golden_leggings":2,"butcher:butcherstable":1,"minecraft:stone_axe":130,"minecraft:cobblestone":26,"butcher:skinned_cow_corpse_item":3,"minecraft:chain":6,"minecraft:splash_potion":1},"minecraft:broken":{"minecraft:stone_axe":1,"minecraft:leather_boots":1,"minecraft:wooden_axe":1},"minecraft:killed":{"minecraft:skeleton":5,"minecraft:bee":1,"golems:golem":1,"minecraft:sheep":12,"minecraft:zombie":2,"mca:male_villager":1,"mca:female_villager":1,"minecraft:cow":12},"minecraft:picked_up":{"minecraft:crafting_table":4,"butcher:raw_lamb_shoulder":1,"butcher:rawlambloin":1,"minecraft:smithing_table":2,"create:wrench":1,"minecraft:shield":1,"butcher:skinned_drained_sheep_corpse_item":1,"minecraft:chain":1,"butcher:cowcorpseitem":4,"butcher:raw_sirloin_steak":3,"minecraft:iron_leggings":1,"minecraft:compass":1,"comforts:sleeping_bag_white":6,"minecraft:beef":19,"butcher:sheep_skin":2,"minecraft:light_gray_wool":1,"minecraft:sugar_cane":31,"minecraft:chest":4,"minecraft:egg":1,"butcher:lambrib":1,"minecraft:stick":26,"minecraft:raw_iron":19,"minecraft:torch":1,"minecraft:acacia_log":8,"sophisticatedbackpacks:backpack":1,"butcher:sheep_corpse_item":8,"tombstone:grave_dust":2,"minecraft:orange_bed":5,"minecraft:arrow":11,"minecraft:rotten_flesh":4,"minecraft:carved_pumpkin":20,"minecraft:mutton":7,"minecraft:white_wool":10,"minecraft:cobblestone":74,"butcher:villager_meat":6,"minecraft:feather":3,"minecraft:cooked_beef":20,"minecraft:leather":17,"minecraft:smoker":2,"minecraft:oak_log":83,"minecraft:gunpowder":5,"minecraft:dirt":15,"minecraft:leather_boots":1,"butcher:cow_skin":8,"minecraft:bone":17,"butcher:raw_ribeye_steak":3,"minecraft:acacia_planks":10,"minecraft:apple":4,"minecraft:kelp":39,"minecraft:bow":2,"minecraft:wheat_seeds":1,"butcher:raw_tbone_steak":4,"minecraft:iron_ingot":1,"butcher:villager_corpse_item":2,"create:goggles":1,"tombstone:bag_of_seeds":1,"butcher:raw_chuck_steak":3,"minecraft:oak_planks":107,"minecraft:iron_sword":1,"butcher:cow_headf":4,"minecraft:book":29,"butcher:sheephead":1,"minecraft:pumpkin":21,"minecraft:gravel":6,"butcher:raw_rump_steak":4,"minecraft:spruce_sapling":12,"minecraft:spruce_log":7,"butcher:cowhoof":19,"minecraft:leather_helmet":1,"butcher:raw_leg_of_lamb":1,"minecraft:pumpkin_seeds":80,"minecraft:gray_wool":1,"minecraft:emerald":17,"minecraft:chainmail_helmet":1,"butcher:raw_lamb_sirloin":1,"argentinas_delight:cuernodetoro":2,"minecraft:oak_sapling":45,"minecraft:coal":46},"minecraft:killed_by":{"minecraft:skeleton":1},"minecraft:mined":{"minecraft:carved_pumpkin":20,"minecraft:acacia_log":9,"minecraft:grass_block":1,"butcher:cow_headf":1,"minecraft:kelp":1,"comforts:sleeping_bag_white":1,"minecraft:spruce_sapling":3,"minecraft:iron_ore":19,"minecraft:fire":13,"minecraft:pumpkin":21,"minecraft:bookshelf":8,"minecraft:stone":53,"minecraft:orange_bed":5,"minecraft:smithing_table":1,"minecraft:smoker":2,"minecraft:crafting_table":4,"minecraft:chest":4,"minecraft:cobblestone":1,"minecraft:sugar_cane":13,"minecraft:oak_planks":5,"minecraft:chain":1,"minecraft:spruce_log":15,"butcher:hanging_skinned_sheep_corpse":1,"minecraft:grass":16,"minecraft:coal_ore":5,"minecraft:oak_log":83,"minecraft:acacia_planks":5}},"DataVersion":3465}