{"stats":{"minecraft:dropped":{"minecraft:iron_sword":4,"minecraft:wheat_seeds":1,"minecraft:cooked_beef":12,"minecraft:smithing_table":1,"minecraft:crafting_table":1,"minecraft:feather":3,"minecraft:book":1,"minecraft:oak_planks":103,"sophisticatedbackpacks:backpack":1,"minecraft:stick":19,"minecraft:dirt":1,"minecraft:golden_leggings":1,"minecraft:golden_sword":1,"minecraft:spruce_log":7,"minecraft:arrow":2,"minecraft:beef":10,"minecraft:orange_bed":2},"minecraft:broken":{"minecraft:leather_boots":1,"minecraft:wooden_axe":1},"minecraft:used":{"butcher:villager_corpse_item":2,"minecraft:flint_and_steel":12,"minecraft:stone_pickaxe":4,"butcher:butchers_knife":42,"minecraft:oak_planks":56,"minecraft:shield":22,"minecraft:chest":4,"minecraft:wooden_pickaxe":3,"minecraft:iron_sword":83,"minecraft:dirt":1,"minecraft:rotten_flesh":2,"minecraft:white_wool":1,"minecraft:orange_bed":2,"minecraft:mutton":6,"minecraft:crafting_table":5,"butcher:cowcorpseitem":4,"tombstone:bag_of_seeds":2,"minecraft:wooden_axe":67,"minecraft:diamond_pickaxe":19,"minecraft:apple":4,"butcher:cow_headf":1,"minecraft:golden_leggings":2,"minecraft:stone_axe":91,"minecraft:cobblestone":1,"minecraft:beef":5,"butcher:skinned_cow_corpse_item":1,"tombstone:gift":2,"minecraft:chain":6,"minecraft:egg":1,"comforts:sleeping_bag_white":5,"minecraft:acacia_planks":42,"minecraft:cooked_beef":8,"minecraft:iron_leggings":2,"minecraft:splash_potion":1},"minecraft:killed":{"golems:golem":1,"minecraft:sheep":12,"minecraft:zombie":2,"minecraft:bee":1,"mca:male_villager":1,"mca:female_villager":1,"minecraft:cow":12},"minecraft:custom":{"minecraft:interact_with_furnace":13,"minecraft:mob_kills":32,"minecraft:interact_with_crafting_table":17,"minecraft:open_barrel":1,"minecraft:time_since_death":848,"minecraft:sleep_in_bed":6,"minecraft:climb_one_cm":228,"minecraft:time_since_rest":0,"minecraft:sprint_one_cm":212112,"minecraft:damage_taken":1520,"minecraft:walk_one_cm":177822,"minecraft:damage_blocked_by_shield":1020,"minecraft:drop":28,"minecraft:damage_dealt":5471,"minecraft:talked_to_villager":2,"minecraft:swim_one_cm":157549,"minecraft:fly_one_cm":163508,"minecraft:open_chest":30,"minecraft:crouch_one_cm":1969,"tombstone:undead_killed":2,"minecraft:play_time":77401,"minecraft:deaths":3,"minecraft:sneak_time":1352,"minecraft:walk_under_water_one_cm":27551,"tombstone:villager_killed":2,"minecraft:jump":1262,"minecraft:walk_on_water_one_cm":15576,"minecraft:interact_with_smoker":1,"minecraft:total_world_time":77401,"minecraft:fall_one_cm":35857},"minecraft:killed_by":{"minecraft:skeleton":1},"minecraft:picked_up":{"minecraft:crafting_table":4,"minecraft:feather":3,"minecraft:cooked_beef":20,"minecraft:leather":17,"minecraft:smithing_table":2,"minecraft:chain":1,"minecraft:oak_log":83,"butcher:cowcorpseitem":4,"butcher:raw_sirloin_steak":2,"minecraft:dirt":2,"minecraft:leather_boots":1,"minecraft:iron_leggings":1,"minecraft:compass":1,"butcher:cow_skin":6,"minecraft:bone":5,"butcher:raw_ribeye_steak":2,"minecraft:acacia_planks":10,"minecraft:apple":4,"minecraft:kelp":39,"minecraft:wheat_seeds":1,"butcher:raw_tbone_steak":2,"comforts:sleeping_bag_white":4,"minecraft:iron_ingot":1,"minecraft:beef":17,"butcher:villager_corpse_item":2,"tombstone:bag_of_seeds":1,"minecraft:light_gray_wool":1,"butcher:raw_chuck_steak":2,"minecraft:sugar_cane":31,"minecraft:chest":4,"minecraft:oak_planks":107,"minecraft:iron_sword":1,"butcher:cow_headf":1,"minecraft:egg":1,"minecraft:book":29,"minecraft:stick":26,"minecraft:raw_iron":12,"minecraft:acacia_log":8,"butcher:raw_rump_steak":2,"sophisticatedbackpacks:backpack":1,"butcher:sheep_corpse_item":8,"minecraft:spruce_sapling":12,"tombstone:grave_dust":1,"minecraft:spruce_log":7,"butcher:cowhoof":8,"minecraft:orange_bed":5,"minecraft:arrow":1,"minecraft:rotten_flesh":2,"minecraft:chainmail_helmet":1,"minecraft:gray_wool":1,"minecraft:emerald":17,"argentinas_delight:cuernodetoro":2,"minecraft:oak_sapling":45,"minecraft:mutton":6,"minecraft:white_wool":10,"minecraft:cobblestone":9},"minecraft:mined":{"minecraft:smithing_table":1,"minecraft:crafting_table":4,"minecraft:grass_block":1,"minecraft:acacia_log":9,"minecraft:chest":4,"minecraft:kelp":1,"minecraft:sugar_cane":13,"minecraft:oak_planks":5,"comforts:sleeping_bag_white":1,"minecraft:chain":1,"minecraft:spruce_sapling":3,"minecraft:iron_ore":12,"minecraft:fire":13,"minecraft:spruce_log":15,"minecraft:grass":13,"minecraft:bookshelf":8,"minecraft:oak_log":83,"minecraft:acacia_planks":5,"minecraft:stone":12,"minecraft:orange_bed":5},"minecraft:crafted":{"minecraft:oak_planks":84,"minecraft:iron_nugget":18,"minecraft:crafting_table":2,"comforts:sleeping_bag_white":1,"minecraft:wooden_pickaxe":1,"minecraft:chain":5,"butcher:skinning_knife":1,"minecraft:bone_meal":3,"minecraft:stone_axe":1,"minecraft:air":0,"minecraft:iron_bars":16,"minecraft:diamond_pickaxe":1,"minecraft:shield":1,"minecraft:stick":24,"butcher:hook":1,"minecraft:iron_ingot":11,"minecraft:stone_pickaxe":1,"minecraft:wooden_axe":1,"butcher:butchers_knife":1,"minecraft:acacia_planks":32}},"DataVersion":3465}