{"stats":{"minecraft:dropped":{"minecraft:iron_sword":4,"minecraft:cooked_beef":12,"minecraft:smithing_table":1,"minecraft:crafting_table":1,"minecraft:feather":3,"minecraft:book":1,"minecraft:oak_planks":103,"minecraft:stick":19,"minecraft:golden_leggings":1,"minecraft:golden_sword":1,"minecraft:spruce_log":7,"minecraft:arrow":2,"minecraft:beef":10,"minecraft:orange_bed":2},"minecraft:broken":{"minecraft:wooden_axe":1},"minecraft:used":{"minecraft:flint_and_steel":12,"minecraft:stone_pickaxe":3,"butcher:butchers_knife":20,"minecraft:oak_planks":54,"minecraft:shield":15,"minecraft:chest":2,"minecraft:wooden_pickaxe":3,"minecraft:iron_sword":73,"minecraft:white_wool":1,"minecraft:orange_bed":2,"minecraft:mutton":6,"minecraft:crafting_table":5,"tombstone:bag_of_seeds":2,"minecraft:wooden_axe":67,"minecraft:diamond_pickaxe":7,"minecraft:apple":2,"minecraft:golden_leggings":2,"minecraft:stone_axe":75,"minecraft:beef":5,"minecraft:egg":1,"comforts:sleeping_bag_white":4,"minecraft:cooked_beef":6,"minecraft:iron_leggings":2,"minecraft:splash_potion":1},"minecraft:killed":{"golems:golem":1,"minecraft:sheep":5,"minecraft:zombie":2,"minecraft:bee":1,"mca:female_villager":1,"minecraft:cow":12},"minecraft:custom":{"minecraft:interact_with_furnace":7,"minecraft:mob_kills":24,"minecraft:interact_with_crafting_table":13,"minecraft:open_barrel":1,"minecraft:time_since_death":24085,"minecraft:sleep_in_bed":4,"minecraft:climb_one_cm":228,"minecraft:time_since_rest":2520,"minecraft:sprint_one_cm":171445,"minecraft:damage_taken":1015,"minecraft:walk_one_cm":136766,"minecraft:damage_blocked_by_shield":405,"minecraft:drop":25,"minecraft:damage_dealt":4432,"minecraft:talked_to_villager":2,"minecraft:swim_one_cm":123248,"minecraft:fly_one_cm":120188,"minecraft:open_chest":19,"minecraft:crouch_one_cm":1146,"tombstone:undead_killed":2,"minecraft:play_time":53401,"minecraft:deaths":2,"minecraft:sneak_time":799,"minecraft:walk_under_water_one_cm":23915,"tombstone:villager_killed":1,"minecraft:jump":872,"minecraft:walk_on_water_one_cm":12481,"minecraft:total_world_time":53401,"minecraft:fall_one_cm":23345},"minecraft:killed_by":{"minecraft:skeleton":1},"minecraft:picked_up":{"minecraft:crafting_table":4,"minecraft:feather":3,"minecraft:cooked_beef":20,"minecraft:leather":17,"minecraft:smithing_table":2,"minecraft:oak_log":83,"butcher:cowcorpseitem":4,"minecraft:leather_boots":1,"minecraft:iron_leggings":1,"minecraft:compass":1,"minecraft:apple":4,"minecraft:kelp":39,"minecraft:wheat_seeds":1,"comforts:sleeping_bag_white":4,"minecraft:beef":15,"butcher:villager_corpse_item":1,"tombstone:bag_of_seeds":1,"minecraft:sugar_cane":17,"minecraft:chest":4,"minecraft:oak_planks":107,"minecraft:iron_sword":1,"minecraft:egg":1,"minecraft:book":29,"minecraft:stick":19,"minecraft:raw_iron":7,"sophisticatedbackpacks:backpack":1,"butcher:sheep_corpse_item":1,"minecraft:spruce_sapling":12,"minecraft:spruce_log":7,"minecraft:orange_bed":5,"minecraft:arrow":1,"minecraft:rotten_flesh":2,"minecraft:emerald":17,"argentinas_delight:cuernodetoro":2,"minecraft:oak_sapling":45,"minecraft:mutton":6,"minecraft:white_wool":5,"minecraft:cobblestone":8},"minecraft:mined":{"minecraft:smithing_table":1,"minecraft:crafting_table":4,"minecraft:chest":4,"minecraft:sugar_cane":7,"minecraft:oak_planks":5,"minecraft:spruce_sapling":3,"minecraft:iron_ore":7,"minecraft:fire":13,"minecraft:spruce_log":15,"minecraft:grass":11,"minecraft:bookshelf":8,"minecraft:oak_log":83,"minecraft:stone":6,"minecraft:orange_bed":5},"minecraft:crafted":{"minecraft:oak_planks":84,"minecraft:crafting_table":2,"comforts:sleeping_bag_white":1,"minecraft:wooden_pickaxe":1,"minecraft:bone_meal":3,"minecraft:stone_axe":1,"minecraft:air":0,"minecraft:iron_bars":16,"minecraft:diamond_pickaxe":1,"minecraft:shield":1,"minecraft:stick":24,"butcher:hook":1,"minecraft:iron_ingot":6,"minecraft:stone_pickaxe":1,"minecraft:wooden_axe":1,"butcher:butchers_knife":1}},"DataVersion":3465}