{"stats":{"minecraft:picked_up":{"minecraft:stick":18,"minecraft:apple":1,"minecraft:oak_log":61,"minecraft:spruce_sapling":3,"minecraft:oak_sapling":39,"minecraft:cobblestone":3,"minecraft:egg":1},"minecraft:mined":{"minecraft:oak_log":61,"minecraft:spruce_sapling":3,"minecraft:stone":3},"minecraft:crafted":{"minecraft:oak_planks":12,"minecraft:crafting_table":1,"minecraft:stick":4,"minecraft:stone_pickaxe":1,"minecraft:wooden_pickaxe":1,"minecraft:wooden_axe":1},"minecraft:custom":{"minecraft:time_since_rest":4347,"minecraft:crouch_one_cm":100,"minecraft:play_time":4347,"minecraft:sprint_one_cm":18833,"minecraft:walk_one_cm":11910,"minecraft:sneak_time":30,"minecraft:walk_under_water_one_cm":103,"minecraft:jump":76,"minecraft:time_since_death":4347,"minecraft:walk_on_water_one_cm":227,"minecraft:total_world_time":4347,"minecraft:swim_one_cm":73,"minecraft:interact_with_crafting_table":2,"minecraft:fall_one_cm":2119,"minecraft:fly_one_cm":11579},"minecraft:used":{"minecraft:wooden_axe":66,"minecraft:crafting_table":1,"minecraft:wooden_pickaxe":3,"minecraft:egg":1}},"DataVersion":3465}