{"stats":{"minecraft:used":{"create:mechanical_pump":1,"minecraft:golden_carrot":2,"cgm:shotgun":24,"create:cogwheel":3,"tombstone:gift":1,"create:fluid_pipe":3,"create:creative_fluid_tank":1,"minecraft:ender_pearl":1,"protection_pixel:armorloadplatform":1,"minecraft:enchanted_golden_apple":1,"cgm:heavy_rifle":24,"create:creative_motor":1},"minecraft:killed":{"minecraft:spider":5,"minecraft:skeleton":2,"mca:female_villager":1,"minecraft:zombie":10,"minecraft:creeper":2,"minecraft:stray":2},"minecraft:custom":{"minecraft:time_since_rest":14871,"minecraft:open_chest":1,"minecraft:damage_absorbed":44,"minecraft:crouch_one_cm":464,"minecraft:walk_one_cm":43328,"minecraft:play_time":16779,"minecraft:sprint_one_cm":27823,"minecraft:damage_taken":562,"tombstone:undead_killed":14,"minecraft:deaths":1,"minecraft:sneak_time":318,"minecraft:mob_kills":29,"minecraft:damage_dealt_resisted":153,"tombstone:villager_killed":1,"minecraft:jump":150,"minecraft:time_since_death":15230,"minecraft:walk_on_water_one_cm":112,"minecraft:damage_resisted":10,"minecraft:total_world_time":16779,"minecraft:fall_one_cm":2272,"minecraft:fly_one_cm":51300},"minecraft:killed_by":{"minecraft:skeleton":1},"minecraft:picked_up":{"minecraft:rotten_flesh":4,"minecraft:leather_leggings":1,"tombstone:grave_dust":1,"minecraft:spider_eye":1}},"DataVersion":3465}