{"stats":{"minecraft:used":{"minecraft:ender_pearl":1,"cgm:heavy_rifle":1},"minecraft:killed":{"minecraft:skeleton":1},"minecraft:custom":{"minecraft:jump":33,"minecraft:open_chest":1,"minecraft:time_since_rest":2871,"minecraft:walk_on_water_one_cm":112,"tombstone:undead_killed":1,"minecraft:crouch_one_cm":250,"minecraft:sprint_one_cm":5893,"minecraft:deaths":1,"minecraft:play_time":4779,"minecraft:damage_taken":285,"minecraft:time_since_death":3230,"minecraft:walk_one_cm":12281,"minecraft:sneak_time":147,"minecraft:total_world_time":4779,"minecraft:mob_kills":1,"minecraft:fly_one_cm":28050},"minecraft:killed_by":{"minecraft:skeleton":1}},"DataVersion":3465}