{"stats":{"minecraft:killed":{"fight_or_die:springer":19,"minecraft:cave_spider":1,"minecraft:skeleton":14,"minecraft:chicken":29,"argentinas_delight:chanchomuerto":1,"minecraft:salmon":1,"golems:golem":1,"minecraft:pillager":10,"minecraft:zombie":27,"fight_or_die:mutated_player":12,"fight_or_die:mutated_enderman":15,"mca:male_villager":14,"minecraft:cow":28,"fight_or_die:mutated_creeper":3,"fight_or_die:mutated_human_head":2,"minecraft:horse":11,"fight_or_die:mutated_sheep":9,"fight_or_die:mutated_human":21,"fight_or_die:shiller":10,"mca:female_villager":7,"minecraft:enderman":2,"minecraft:zombified_piglin":8,"minecraft:spider":1,"fight_or_die:mutated_fox":4,"minecraft:pig":5,"fight_or_die:mutated_cow":8,"minecraft:creeper":5,"fight_or_die:mutated_enderman_head":1,"minecraft:sheep":13,"fight_or_die:mutated_villager":6,"minecraft:blaze":36,"fight_or_die:mutated_pig":6,"minecraft:drowned":12,"minecraft:squid":25,"minecraft:wither_skeleton":3,"fight_or_die:mutated_player_head":3},"minecraft:crafted":{"minecraft:chainmail_helmet":24,"minecraft:oak_sign":21,"minecraft:cactus":8,"minecraft:pink_bed":1,"minecraft:blaze_powder":10,"minecraft:oak_pressure_plate":3,"minecraft:lever":9,"sophisticatedbackpacks:crafting_upgrade":1,"create:item_vault":64,"minecraft:bookshelf":14,"minecraft:iron_bars":16,"create:vertical_gearbox":49,"create:rotation_speed_controller":6,"minecraft:glass":35,"create:andesite_funnel":16,"minecraft:diamond_helmet":2,"minecraft:diamond_leggings":1,"sophisticatedbackpacks:copper_backpack":3,"create:mechanical_press":5,"minecraft:dried_kelp_block":1,"create:brass_funnel":42,"create:cogwheel":544,"golems:guide_book":1,"create:mechanical_plough":2,"minecraft:glass_bottle":3,"minecraft:furnace_minecart":1,"minecraft:wooden_shovel":1,"create:rose_quartz":49,"minecraft:emerald":2742,"minecraft:diamond_axe":2,"create:adjustable_chain_gearshift":3,"minecraft:copper_ingot":594,"minecraft:sticky_piston":3,"minecraft:fletching_table":35,"mca:cross_headstone":2,"minecraft:campfire":3,"create:encased_chain_drive":171,"create:mechanical_mixer":2,"immersive_aircraft:propeller":1,"create:gearbox":77,"create:encased_fan":12,"minecraft:lectern":5,"minecraft:iron_pickaxe":7,"minecraft:iron_block":75,"minecraft:gold_ingot":132,"create:large_cogwheel":135,"create:propeller":12,"minecraft:stone_shovel":3,"create:wrench":1,"minecraft:iron_nugget":1924,"comforts:sleeping_bag_white":3,"minecraft:bone_meal":27,"create:copper_backtank":2,"minecraft:white_carpet":12,"minecraft:lantern":12,"minecraft:diamond":3,"minecraft:dark_oak_fence":48,"minecraft:ladder":27,"minecraft:cherry_stairs":16,"minecraft:stone_pickaxe":18,"minecraft:diamond_boots":2,"create:hose_pulley":1,"create:electron_tube":49,"minecraft:dark_oak_planks":2632,"create:belt_connector":117,"minecraft:chainmail_leggings":112,"create_enchantment_industry:printer":2,"minecraft:wheat":27,"mca:engagement_ring":1,"create:brass_tunnel":26,"minecraft:dried_kelp":320,"create:goggles":2,"create:dough":1,"sophisticatedbackpacks:gold_backpack":6,"minecraft:glowstone":31,"minecraft:enchanted_book":8,"minecraft:jungle_slab":348,"create:speedometer":8,"minecraft:golden_apple":4,"create:mechanical_arm":1,"minecraft:chainmail_boots":72,"minecraft:birch_trapdoor":6,"golems:golem_spell":105,"minecraft:wooden_axe":9,"argentinas_delight:pava":1,"minecraft:iron_leggings":2,"minecraft:white_bed":11,"create:shaft":1170,"minecraft:oak_planks":1057,"minecraft:cobblestone_slab":6,"minecraft:barrel":248,"minecraft:cherry_slab":54,"minecraft:cobblestone_stairs":4,"minecraft:stone":1,"create:deployer":3,"minecraft:warped_planks":124,"minecraft:hopper":4,"create:rope_pulley":1,"minecraft:bow":1,"minecraft:iron_boots":53,"create:cart_assembler":1,"immersive_aircraft:hull":2,"minecraft:chest":55,"create:spout":3,"minecraft:copper_block":18,"minecraft:rail":32,"minecraft:stone_hoe":10,"minecraft:stone_bricks":1792,"minecraft:cherry_fence":66,"create:brass_hand":3,"minecraft:respawn_anchor":1,"minecraft:golden_boots":2,"minecraft:smoker":1,"create:depot":16,"minecraft:oak_slab":162,"sophisticatedbackpacks:backpack":2,"minecraft:arrow":64,"minecraft:crafting_table":39,"create:mechanical_saw":1,"create:fluid_pipe":116,"minecraft:iron_helmet":51,"minecraft:baked_potato":202,"minecraft:chainmail_chestplate":20,"create:zinc_nugget":90,"create:sand_paper":9,"create:gearshift":4,"minecraft:birch_planks":468,"sophisticatedbackpacks:upgrade_base":5,"create:stressometer":7,"create:water_wheel":9,"minecraft:dark_oak_slab":210,"minecraft:iron_chestplate":2,"minecraft:emerald_block":2,"minecraft:paper":126,"minecraft:charcoal":73,"minecraft:diamond_pickaxe":1,"minecraft:shield":26,"minecraft:light_weighted_pressure_plate":3,"create:super_glue":2,"sophisticatedbackpacks:diamond_backpack":3,"minecraft:stick":77079,"minecraft:warped_slab":6,"create:white_seat":1,"create:mechanical_pump":16,"minecraft:iron_ingot":1186,"minecraft:stone_sword":1,"minecraft:dark_oak_fence_gate":1,"minecraft:sponge":70,"create_enchantment_industry:enchanting_guide":2,"minecraft:shears":1,"create:empty_blaze_burner":4,"minecraft:cherry_planks":476,"mca:blueprint":1,"minecraft:redstone":362,"create:steam_engine":6,"immersive_aircraft:sail":2,"minecraft:stone_button":7,"minecraft:furnace":4,"minecraft:blast_furnace":2,"minecraft:piston":3,"minecraft:dark_oak_trapdoor":18,"minecraft:enchanted_golden_apple":2,"minecraft:glass_pane":16,"minecraft:oak_trapdoor":2,"minecraft:warped_fence":15,"minecraft:iron_axe":46,"minecraft:iron_hoe":1,"minecraft:slime_ball":24,"create:millstone":1,"minecraft:lime_dye":24,"create:fluid_tank":259,"minecraft:cobblestone_wall":94,"argentinas_delight:parrilla":1,"create:basin":6,"argentinas_delight:dagagauchatool":1,"create:filter":8,"minecraft:minecart":3,"minecraft:cherry_fence_gate":4,"sophisticatedbackpacks:iron_backpack":4,"minecraft:cooked_beef":13,"minecraft:red_dye":2,"minecraft:crimson_planks":20,"create:andesite_alloy":169,"create:hand_crank":5,"create_enchantment_industry:disenchanter":1,"golems:golem_head":44,"minecraft:diorite_wall":24,"minecraft:iron_sword":2,"create:large_water_wheel":9,"create:item_drain":2,"minecraft:bucket":15,"minecraft:stone_axe":15,"minecraft:air":0,"minecraft:jungle_planks":38685,"minecraft:oak_boat":3,"sophisticatedbackpacks:pickup_upgrade":1,"minecraft:white_wool":8,"create:whisk":2,"immersive_aircraft:gyrodyne":1,"minecraft:gold_nugget":72,"create:linear_chassis":132,"create:mechanical_crafter":21,"minecraft:anvil":2,"create:mechanical_drill":46,"minecraft:diorite_slab":12,"minecraft:andesite":6,"create:copper_diving_helmet":3,"minecraft:torch":216,"create:zinc_ingot":111,"mca:wedding_ring":1,"minecraft:diamond_chestplate":3},"minecraft:mined":{"minecraft:dark_oak_planks":26,"minecraft:white_bed":8,"create:andesite_casing":1,"minecraft:cherry_log":132,"minecraft:obsidian":30,"minecraft:carved_pumpkin":44,"minecraft:granite":54,"minecraft:jungle_log":11485,"minecraft:oak_pressure_plate":3,"create:belt":1,"minecraft:oak_wall_sign":7,"minecraft:nether_wart":10,"minecraft:tall_seagrass":4,"minecraft:polished_blackstone_bricks":91,"minecraft:magma_block":16,"minecraft:dark_oak_trapdoor":18,"fight_or_die:blood_splash1":13,"minecraft:barrel":2,"minecraft:fire":39,"minecraft:cobbled_deepslate":18,"minecraft:pumpkin":13,"minecraft:deepslate_lapis_ore":6,"minecraft:fletching_table":16,"minecraft:nether_brick_stairs":1,"minecraft:water_cauldron":3,"minecraft:dirt_path":5,"argentinas_delight:basedearbolmate":2,"create:veridium":6,"minecraft:kelp_plant":121,"minecraft:crimson_nylium":3,"minecraft:smoker":1,"golems:golem_head":6,"minecraft:torch":52,"minecraft:blast_furnace":19,"minecraft:glass":2,"minecraft:sugar_cane":179,"minecraft:cherry_slab":19,"mca:cross_headstone":2,"minecraft:cherry_fence":7,"sophisticatedbackpacks:diamond_backpack":4,"minecraft:wheat":3,"minecraft:copper_block":2,"minecraft:stone_brick_stairs":1,"minecraft:grass":123,"minecraft:dark_oak_sapling":9,"minecraft:stonecutter":1,"minecraft:deepslate":170,"create:zinc_ore":4,"minecraft:dark_oak_log":1082,"minecraft:sea_lantern":1,"minecraft:nether_bricks":25,"minecraft:dark_oak_fence":2,"minecraft:jungle_planks":9,"argentinas_delight:mateyerbaseca":3,"argentinas_delight:maderadeestructura":1,"minecraft:kelp":3,"minecraft:jungle_sapling":48,"minecraft:andesite":535,"argentinas_delight:matevacio":1,"minecraft:potatoes":254,"minecraft:cobblestone_slab":5,"minecraft:vine":47,"minecraft:rail":12,"minecraft:warped_stem":35,"minecraft:cherry_fence_gate":2,"minecraft:white_wool":4,"minecraft:smithing_table":2,"minecraft:oak_slab":1,"minecraft:cherry_planks":102,"minecraft:soul_sand":23,"minecraft:stone_brick_slab":1,"minecraft:dandelion":2,"minecraft:sponge":31,"argentinas_delight:pavacaliente":2,"minecraft:warped_roots":1,"minecraft:campfire":2,"minecraft:copper_ore":82,"minecraft:tall_grass":26,"minecraft:deepslate_gold_ore":10,"minecraft:diorite":210,"minecraft:warped_wart_block":75,"create:water_wheel_structure":3,"create:blaze_burner":3,"minecraft:cobblestone_wall":10,"minecraft:birch_leaves":1,"minecraft:gravel":32,"minecraft:cobweb":37,"minecraft:stone_bricks":32,"create:deepslate_zinc_ore":33,"minecraft:spruce_planks":3,"minecraft:oak_sapling":1,"minecraft:farmland":1,"comforts:rope_and_nail":3,"minecraft:jungle_slab":3,"minecraft:cobblestone_stairs":3,"sophisticatedbackpacks:gold_backpack":1,"minecraft:brewing_stand":11,"argentinas_delight:hojasdemate":50,"minecraft:grass_block":346,"minecraft:cracked_polished_blackstone_bricks":55,"minecraft:soul_soil":6,"comforts:sleeping_bag_white":1,"minecraft:smooth_stone":9,"minecraft:glowstone":54,"minecraft:iron_ore":27,"argentinas_delight:mateamargo":9,"argentinas_delight:ramasdematedeyerba":8,"minecraft:dark_oak_stairs":2,"create:asurine":72,"minecraft:deepslate_redstone_ore":10,"minecraft:blackstone":71,"minecraft:jungle_stairs":2,"minecraft:calcite":83,"minecraft:chest":29,"minecraft:mushroom_stem":5,"minecraft:cobblestone":422,"minecraft:nether_quartz_ore":13,"minecraft:oak_planks":33,"minecraft:grindstone":2,"minecraft:wall_torch":24,"minecraft:cauldron":1,"create:large_water_wheel":1,"minecraft:pink_petals":1,"minecraft:seagrass":1,"minecraft:warped_nylium":1,"minecraft:dark_oak_slab":76,"minecraft:birch_log":228,"minecraft:nether_wart_block":16,"minecraft:warped_planks":78,"minecraft:birch_trapdoor":13,"minecraft:oak_log":690,"minecraft:diorite_wall":1,"minecraft:sand":53,"minecraft:dirt":247,"minecraft:netherrack":1051,"create:crimsite":12,"minecraft:oak_leaves":104,"minecraft:tuff":153,"minecraft:deepslate_diamond_ore":16,"create:ochrum":1,"create:depot":1,"minecraft:sandstone":4,"minecraft:crimson_stem":7,"cgm:workbench":1,"minecraft:hay_block":10,"minecraft:diorite_slab":1,"minecraft:furnace":9,"minecraft:carrots":9,"create:scorchia":35,"minecraft:gold_block":2,"minecraft:nether_brick_fence":3,"minecraft:bookshelf":1,"minecraft:shroomlight":2,"minecraft:deepslate_iron_ore":15,"minecraft:stripped_oak_log":1,"minecraft:wet_sponge":270,"minecraft:stone":1245,"minecraft:cherry_stairs":3,"minecraft:basalt":630,"minecraft:warped_fence":5,"minecraft:crafting_table":14,"minecraft:rose_bush":1,"minecraft:lectern":22,"minecraft:birch_planks":10,"fight_or_die:blood_splash2":42,"minecraft:yellow_bed":4,"minecraft:coal_ore":20,"minecraft:cherry_leaves":2},"minecraft:killed_by":{"minecraft:piglin_brute":1,"minecraft:pillager":1,"minecraft:zombie":2,"fight_or_die:mutated_enderman":12,"fight_or_die:mutated_player":4,"minecraft:guardian":1,"fight_or_die:mutated_pig":1,"minecraft:wither_skeleton":2,"minecraft:creeper":1,"fight_or_die:mutated_villager":2,"minecraft:blaze":4,"mca:female_villager":1,"fight_or_die:mutated_human":7,"minecraft:player":3,"minecraft:iron_golem":1,"fight_or_die:springer":2,"minecraft:skeleton":6},"minecraft:dropped":{"minecraft:iron_sword":3,"minecraft:diamond":9,"mca:letter":3,"minecraft:cooked_porkchop":10,"minecraft:crossbow":4,"create:copper_nugget":114,"create:incomplete_precision_mechanism":91,"minecraft:emerald":12,"sophisticatedbackpacks:gold_backpack":2,"minecraft:dirt":12,"mca:blueprint":1,"minecraft:stone_button":6,"minecraft:dark_oak_trapdoor":1,"create:scorchia":34,"create:copper_backtank":2,"minecraft:gold_nugget":8,"minecraft:bone_meal":24,"minecraft:sand":5938,"minecraft:dark_oak_planks":9,"minecraft:white_wool":13,"minecraft:diorite_slab":8,"minecraft:bone":12,"minecraft:oak_door":1,"minecraft:stone_axe":1,"minecraft:ancient_debris":1,"create:crushed_raw_copper":753,"minecraft:iron_nugget":1598,"minecraft:cobbled_deepslate":5419,"fight_or_die:rotten_brain":1,"minecraft:wheat":28,"minecraft:birch_sapling":17,"minecraft:obsidian":15,"minecraft:rotten_flesh":24,"minecraft:grindstone":1,"minecraft:oak_planks":16,"minecraft:glowstone_dust":2,"create:potato_cannon":1,"create:asurine":99,"minecraft:white_bed":1,"cgm:assault_rifle":1,"minecraft:warped_planks":1,"mca:scythe":4,"argentinas_delight:cuernodetoro":3,"cgm:basic_bullet":193,"minecraft:diorite_wall":6,"minecraft:jungle_log":644,"minecraft:hopper":1,"create:wrench":5,"mca:book_infection":1,"minecraft:white_dye":1,"minecraft:glass":4,"minecraft:beef":18,"minecraft:cherry_fence":4,"minecraft:egg":1,"minecraft:enchanted_book":5,"minecraft:golden_boots":1,"minecraft:iron_ingot":225,"argentinas_delight:mateamargoitem":2,"minecraft:wheat_seeds":25,"minecraft:copper_block":144,"minecraft:golden_horse_armor":1,"minecraft:book":12,"minecraft:iron_helmet":50,"minecraft:feather":1,"minecraft:cobblestone":16843,"minecraft:prismarine_crystals":11,"minecraft:apple":20,"minecraft:granite":133,"minecraft:stripped_jungle_log":256,"minecraft:chainmail_helmet":24,"minecraft:golden_apple":4,"minecraft:lava_bucket":6,"minecraft:diamond_horse_armor":2,"minecraft:jungle_slab":22,"minecraft:iron_trapdoor":1,"minecraft:ink_sac":2,"minecraft:wooden_axe":1,"minecraft:cooked_salmon":4,"minecraft:potion":4,"minecraft:dead_bush":3,"minecraft:heart_of_the_sea":2,"minecraft:chainmail_leggings":117,"minecraft:paper":9,"create:sand_paper":4,"create:raw_zinc":93,"cgm:advanced_bullet":64,"minecraft:soul_soil":6,"create:ochrum":338,"minecraft:bowl":1,"minecraft:chicken":1,"minecraft:clay_ball":1147,"minecraft:iron_boots":52,"minecraft:nether_bricks":5,"minecraft:pumpkin_seeds":124,"minecraft:potato":401,"minecraft:hay_block":10,"minecraft:stone":134,"create:zinc_ingot":3406,"minecraft:diamond_pickaxe":1,"minecraft:barrel":2,"minecraft:spider_eye":2,"minecraft:sandstone":2,"minecraft:red_sand":256,"minecraft:nether_brick_stairs":1,"minecraft:oak_log":334,"minecraft:baked_potato":109,"minecraft:netherite_upgrade_smithing_template":1,"minecraft:leather":15,"minecraft:jungle_planks":28,"minecraft:iron_horse_armor":1,"create:crimsite":13,"create:copper_diving_helmet":2,"minecraft:flint":1105,"minecraft:cracked_polished_blackstone_bricks":7,"minecraft:dark_oak_log":6,"golems:golem_spell":28,"minecraft:mutton":8,"minecraft:cooked_cod":2,"minecraft:gilded_blackstone":111,"minecraft:wet_sponge":180,"create:iron_sheet":24,"create:crushed_raw_iron":134,"minecraft:polished_blackstone_bricks":11,"create_enchantment_industry:enchanting_guide":2,"minecraft:birch_log":5,"minecraft:gold_ingot":122,"minecraft:gravel":3400,"minecraft:cherry_stairs":6,"minecraft:pointed_dripstone":2,"minecraft:cherry_sapling":1,"minecraft:carrot":33,"sophisticatedbackpacks:diamond_backpack":3,"minecraft:chainmail_chestplate":20,"minecraft:gunpowder":3,"minecraft:birch_trapdoor":2,"minecraft:glowstone":5,"minecraft:beetroot_seeds":4,"minecraft:chainmail_boots":78,"fight_or_die:ripping_flesh":8,"doggytalents:rice_grains":10,"comforts:sleeping_bag_white":5,"create:wheat_flour":75,"minecraft:basalt":7,"minecraft:arrow":65,"minecraft:quartz":4,"minecraft:oak_leaves":50,"minecraft:netherrack":581,"create:powdered_obsidian":2,"minecraft:stone_hoe":10,"minecraft:bread":10,"minecraft:smithing_table":1,"tombstone:tablet_of_home":1,"create:zinc_nugget":182,"minecraft:copper_ingot":5330,"minecraft:stick":250,"create:crushed_raw_gold":47,"create:cinder_flour":56,"minecraft:diorite":193,"minecraft:brewing_stand":1,"minecraft:nether_wart_block":1,"tombstone:grave_dust":1,"minecraft:iron_leggings":1,"minecraft:iron_axe":5,"minecraft:pink_petals":2,"minecraft:bucket":21,"minecraft:dandelion":1,"minecraft:kelp":690,"create:shaft":112,"minecraft:raw_copper":813,"create:crushed_raw_zinc":106,"minecraft:tuff":373,"create:encased_chain_drive":1,"minecraft:raw_iron":125,"minecraft:light_gray_wool":1,"tombstone:scroll_of_purification":1,"create:experience_nugget":1035,"minecraft:flint_and_steel":1,"minecraft:filled_map":3,"minecraft:shield":28,"create:veridium":46,"minecraft:diamond_chestplate":1,"minecraft:iron_chestplate":1,"minecraft:andesite":1365,"minecraft:oak_sapling":13,"minecraft:oak_boat":2,"minecraft:diamond_boots":2,"minecraft:raw_gold":31,"minecraft:magma_cream":44,"minecraft:calcite":127},"minecraft:broken":{"minecraft:golden_boots":1,"minecraft:wooden_shovel":1,"minecraft:iron_leggings":1,"minecraft:iron_axe":6,"minecraft:iron_pickaxe":6,"minecraft:netherite_boots":1,"minecraft:stone_pickaxe":18,"minecraft:stone_axe":7,"minecraft:wooden_axe":2,"minecraft:stone_shovel":2,"create:sand_paper":6},"minecraft:custom":{"minecraft:interact_with_crafting_table":513,"minecraft:open_barrel":20,"minecraft:leave_game":47,"minecraft:time_since_death":50142,"minecraft:play_time":3684487,"minecraft:deaths":75,"minecraft:jump":32492,"minecraft:interact_with_furnace":235,"minecraft:traded_with_villager":3368,"minecraft:sleep_in_bed":172,"minecraft:damage_dealt":21386,"tombstone:undead_killed":64,"minecraft:interact_with_smoker":55,"minecraft:interact_with_smithing_table":5,"minecraft:interact_with_anvil":18,"minecraft:inspect_hopper":13,"minecraft:damage_dealt_absorbed":120,"minecraft:sneak_time":180450,"minecraft:interact_with_blast_furnace":31,"minecraft:total_world_time":3684487,"tombstone:raider_killed":10,"minecraft:time_since_rest":9513,"tombstone:cast_on_ally":1,"minecraft:swim_one_cm":761659,"minecraft:fly_one_cm":6837484,"minecraft:open_chest":1219,"minecraft:fall_one_cm":724799,"minecraft:animals_bred":1,"minecraft:sprint_one_cm":6098813,"minecraft:drop":1982,"minecraft:talked_to_villager":237,"minecraft:interact_with_brewingstand":19,"minecraft:walk_on_water_one_cm":275034,"minecraft:player_kills":6,"minecraft:crouch_one_cm":421069,"tombstone:villager_killed":21,"minecraft:mob_kills":393,"minecraft:interact_with_campfire":21,"minecraft:damage_dealt_resisted":512,"minecraft:climb_one_cm":198486,"minecraft:walk_one_cm":9198955,"minecraft:walk_under_water_one_cm":287016,"minecraft:boat_one_cm":5130,"minecraft:damage_taken":37396,"minecraft:damage_absorbed":80,"minecraft:minecart_one_cm":10},"minecraft:used":{"minecraft:nether_brick_fence":2,"create:deployer":50,"minecraft:ladder":13,"minecraft:chest":80,"smartermobs:zombie_block":2,"create:fluid_tank":100,"minecraft:soul_sand":10,"create:mechanical_crafter":87,"minecraft:jungle_slab":5,"create:depot":87,"minecraft:jungle_sapling":633,"minecraft:lava_bucket":209,"cgm:shotgun":276,"minecraft:wet_sponge":28,"minecraft:dark_oak_slab":187,"minecraft:diorite_wall":19,"minecraft:stone_brick_stairs":1,"create:rope_pulley":1,"create:andesite_funnel":45,"create:rotation_speed_controller":39,"minecraft:bow":1,"create:shaft":1075,"create:steam_engine":16,"minecraft:furnace":9,"minecraft:oak_sapling":11,"minecraft:cooked_cod":7,"minecraft:egg":5,"minecraft:potato":344,"minecraft:diorite":419,"minecraft:cactus":8,"minecraft:blackstone":4,"create:spout":7,"minecraft:golden_apple":2,"minecraft:respawn_anchor":1,"minecraft:glow_berries":18,"minecraft:dark_oak_trapdoor":33,"minecraft:sand":28,"minecraft:blast_furnace":25,"minecraft:pumpkin_seeds":25,"create:copper_backtank":9,"minecraft:stone_button":2,"minecraft:lectern":28,"create:adjustable_chain_gearshift":18,"cgm:assault_rifle":401,"minecraft:oak_pressure_plate":48,"create:basin":35,"minecraft:smithing_table":1,"minecraft:dark_oak_fence":23,"minecraft:birch_log":15,"minecraft:oak_boat":14,"cgm:mini_gun":128,"minecraft:oak_trapdoor":2,"minecraft:diorite_slab":5,"create_enchantment_industry:disenchanter":3,"minecraft:stone_sword":53,"create:veridium":5,"minecraft:cooked_salmon":2,"argentinas_delight:mateyerbaseca":5,"minecraft:netherrack":253,"minecraft:torch":323,"minecraft:brewing_stand":11,"minecraft:anvil":2,"create:gearbox":145,"argentinas_delight:mateamargoitem":7,"minecraft:cherry_slab":71,"minecraft:light_weighted_pressure_plate":3,"minecraft:iron_axe":6873,"create:wrench":4098,"minecraft:warped_fence":17,"minecraft:cherry_fence_gate":6,"minecraft:barrel":2,"cgm:grenade_launcher":14,"minecraft:diamond_chestplate":1,"create:encased_chain_drive":507,"minecraft:basalt":356,"minecraft:glowstone":23,"minecraft:goat_horn":4,"minecraft:cobbled_deepslate":148,"tombstone:gift":16,"create:fluid_pipe":124,"minecraft:cherry_fence":73,"comforts:sleeping_bag_white":146,"create:belt_connector":378,"sophisticatedbackpacks:gold_backpack":3,"minecraft:calcite":11,"minecraft:wheat_seeds":2,"minecraft:water_bucket":199,"minecraft:birch_planks":10,"cgm:pistol":294,"create:brass_tunnel":51,"minecraft:cherry_planks":409,"minecraft:fletching_table":24,"create:blaze_burner":30,"minecraft:polished_blackstone_bricks":34,"minecraft:rail":271,"create:encased_fan":53,"minecraft:crafting_table":44,"minecraft:oak_slab":1,"minecraft:white_bed":24,"minecraft:campfire":3,"minecraft:dark_oak_fence_gate":1,"create:filter":12,"minecraft:oak_log":54,"minecraft:diamond_pickaxe":1522,"minecraft:iron_pickaxe":1671,"minecraft:suspicious_stew":1,"tombstone:magic_scroll":6,"create:mechanical_arm":75,"minecraft:pink_bed":1,"minecraft:cobblestone":1104,"minecraft:cooked_porkchop":10,"argentinas_delight:dagagauchatool":3,"minecraft:stripped_oak_log":16,"minecraft:kelp":15,"minecraft:dandelion":2,"minecraft:diamond_leggings":1,"minecraft:cherry_sapling":13,"minecraft:oak_sign":30,"minecraft:iron_sword":285,"minecraft:nether_wart":10,"minecraft:iron_chestplate":1,"create:minecart_contraption":89,"create:cogwheel":295,"minecraft:jungle_planks":9,"minecraft:nether_bricks":22,"minecraft:carrot":47,"minecraft:furnace_minecart":13,"minecraft:tuff":3,"create:speedometer":7,"minecraft:obsidian":47,"minecraft:milk_bucket":1,"minecraft:glass":17,"create_enchantment_industry:printer":4,"sophisticatedbackpacks:diamond_backpack":4,"create:millstone":1,"minecraft:stone_bricks":1612,"minecraft:birch_trapdoor":17,"minecraft:magma_block":1,"create:mechanical_drill":169,"create:copper_diving_boots":4,"cgm:heavy_rifle":41,"minecraft:dark_oak_sapling":122,"minecraft:golden_boots":1,"minecraft:diamond_boots":4,"create:crushing_wheel":51,"minecraft:stone_pickaxe":2361,"minecraft:oak_planks":65,"minecraft:sandstone":2,"minecraft:sugar_cane":25,"minecraft:diamond_axe":6010,"create:copper_diving_helmet":1,"create:mechanical_saw":22,"minecraft:crossbow":2,"minecraft:sponge":763,"cgm:bazooka":12,"minecraft:shears":197,"minecraft:lever":48,"minecraft:deepslate":11,"tombstone:grave_key":37,"minecraft:bread":8,"minecraft:dark_oak_log":1,"create:potato_cannon":3,"minecraft:gravel":14,"create:andesite_casing":4,"create:asurine":39,"create:white_seat":1,"mca:cross_headstone":2,"argentinas_delight:matevacio":6,"minecraft:andesite":49,"create:stressometer":29,"immersive_aircraft:gyrodyne":3,"create:vertical_gearbox":270,"minecraft:chest_minecart":1,"minecraft:bone_meal":60,"create:large_cogwheel":71,"minecraft:flint_and_steel":63,"create:item_vault":24,"minecraft:stone_shovel":282,"minecraft:spruce_planks":3,"minecraft:wooden_shovel":59,"argentinas_delight:yerbamate":11,"create:mechanical_pump":32,"minecraft:dirt":1951,"cgm:workbench":1,"create:mechanical_mixer":21,"minecraft:hopper":6,"minecraft:cobblestone_wall":102,"create:mechanical_plough":5,"cgm:rifle":16,"minecraft:granite":16,"minecraft:dark_oak_planks":205,"minecraft:iron_hoe":199,"minecraft:wooden_axe":355,"minecraft:stone_brick_slab":1,"minecraft:bookshelf":1,"create:hose_pulley":2,"minecraft:iron_boots":4,"create:cart_assembler":16,"minecraft:golden_carrot":43,"minecraft:emerald_block":1,"minecraft:minecart":10,"minecraft:cooked_beef":27,"golems:golem_head":35,"minecraft:pumpkin":12,"create:gearshift":9,"minecraft:iron_leggings":1,"create_enchantment_industry:enchanting_guide":4,"minecraft:cobblestone_stairs":4,"minecraft:glass_bottle":3,"comforts:hammock_gray":1,"create:empty_blaze_burner":6,"minecraft:baked_potato":508,"minecraft:copper_block":118,"minecraft:cobblestone_slab":10,"create:item_drain":1,"create:brass_funnel":87,"argentinas_delight:pavacalientetool":18,"minecraft:smoker":1,"minecraft:warped_planks":115,"argentinas_delight:maderadeestructura":1,"mca:scythe":9,"create:linear_chassis":234,"minecraft:apple":69,"create:mechanical_press":47,"minecraft:cracked_polished_blackstone_bricks":5,"create:large_water_wheel":43,"minecraft:stone_axe":1572,"comforts:rope_and_nail":5,"minecraft:cherry_stairs":13,"minecraft:bucket":435,"create:hand_crank":46,"minecraft:smooth_stone":1},"minecraft:picked_up":{"minecraft:iron_chestplate":1,"cgm:basic_bullet":320,"minecraft:smithing_table":2,"minecraft:lead":1,"create:wrench":6,"minecraft:enchanted_book":4,"minecraft:brewing_stand":7,"minecraft:string":69,"minecraft:dark_oak_trapdoor":16,"minecraft:soul_soil":18,"minecraft:cooked_salmon":6,"minecraft:diamond_leggings":3,"minecraft:gold_nugget":738,"minecraft:cobbled_deepslate":178,"minecraft:spruce_planks":3,"minecraft:netherite_upgrade_smithing_template":2,"cgm:advanced_bullet":320,"cgm:light_grip":1,"create:andesite_casing":65,"minecraft:cherry_log":131,"minecraft:warped_planks":103,"minecraft:blue_dye":1,"minecraft:carved_pumpkin":13,"minecraft:glowstone":10,"create:mechanical_arm":1,"minecraft:blaze_rod":19,"minecraft:sponge":211,"minecraft:birch_log":184,"minecraft:furnace_minecart":14,"minecraft:magma_block":16,"minecraft:feather":36,"minecraft:water_bucket":1,"minecraft:jungle_log":512,"minecraft:brown_wool":3,"minecraft:copper_block":37,"minecraft:flint":794,"minecraft:cherry_fence":11,"create:cinder_flour":56,"create:encased_chain_drive":4,"minecraft:stonecutter":2,"create:shaft":119,"minecraft:diamond_helmet":3,"minecraft:glowstone_dust":155,"cgm:rifle":2,"create:empty_blaze_burner":7,"sophisticatedbackpacks:iron_backpack":2,"minecraft:ink_sac":51,"argentinas_delight:yerbamate":18,"minecraft:dark_oak_log":205,"minecraft:barrel":2,"argentinas_delight:matevacio":1,"minecraft:bundle":1,"cgm:pistol":3,"minecraft:deepslate":11,"minecraft:lever":7,"minecraft:granite":40,"minecraft:bread":10,"argentinas_delight:pava":1,"minecraft:cherry_slab":21,"minecraft:dark_oak_fence":2,"mca:scythe":8,"minecraft:diamond_pickaxe":4,"create:copper_sheet":76,"sophisticatedbackpacks:gold_backpack":6,"minecraft:crafting_table":11,"minecraft:nether_wart":11,"minecraft:clay_ball":825,"minecraft:flint_and_steel":2,"cgm:shotgun":1,"create:scorchia":34,"minecraft:beef":84,"minecraft:jungle_sapling":116,"minecraft:iron_nugget":1829,"minecraft:minecart":7,"cgm:bazooka":2,"minecraft:chest":22,"minecraft:birch_sapling":82,"minecraft:egg":13,"create:polished_rose_quartz":2,"fight_or_die:ripping_flesh":14,"minecraft:sandstone":4,"minecraft:stone":2053,"minecraft:oak_door":1,"create:crushed_raw_zinc":84,"argentinas_delight:pavacalientetool":2,"sophisticatedbackpacks:crafting_upgrade":1,"sophisticatedbackpacks:backpack":1,"create:copper_backtank":1,"minecraft:carrot":30,"minecraft:redstone":261,"minecraft:prismarine_crystals":11,"create:vertical_gearbox":2,"minecraft:tnt":4,"argentinas_delight:dagagauchatool":2,"minecraft:diamond_chestplate":3,"minecraft:cooked_cod":4,"minecraft:shears":1,"minecraft:diamond_boots":3,"minecraft:hay_block":20,"create:depot":8,"minecraft:gold_ingot":85,"sophisticatedbackpacks:copper_backpack":1,"minecraft:glow_berries":4,"minecraft:mutton":8,"minecraft:white_wool":188,"minecraft:rail":37,"create:iron_sheet":33,"create:brass_sheet":1,"create:crushed_raw_gold":47,"smartermobs:zombie_block":2,"doggytalents:rice_grains":7,"argentinas_delight:maderadeobra":12,"minecraft:oak_log":808,"minecraft:ancient_debris":2,"argentinas_delight:maderadeestructura":1,"cgm:grenade_launcher":1,"comforts:rope_and_nail":3,"create:crushing_wheel":10,"create:crushed_raw_iron":115,"minecraft:apple":48,"minecraft:stone_bricks":32,"minecraft:kelp":656,"minecraft:warped_stem":31,"minecraft:iron_sword":4,"minecraft:dark_oak_slab":96,"minecraft:gravel":984,"minecraft:spruce_log":64,"minecraft:crying_obsidian":12,"argentinas_delight:mateyerbaseca":5,"create:gearbox":1,"minecraft:stone_axe":1,"create:mechanical_pump":2,"minecraft:diamond_axe":4,"minecraft:gray_wool":2,"minecraft:lodestone":1,"minecraft:baked_potato":568,"minecraft:hopper":1,"minecraft:ender_pearl":1,"minecraft:wheat":3,"minecraft:nether_brick_fence":3,"minecraft:iron_trapdoor":5,"tombstone:tablet_of_home":2,"minecraft:potion":4,"minecraft:gilded_blackstone":111,"minecraft:stone_brick_stairs":1,"minecraft:raw_copper":449,"minecraft:iron_leggings":1,"create:sand_paper":4,"minecraft:oak_sign":7,"create:andesite_funnel":1,"minecraft:red_sand":128,"minecraft:smooth_stone":137,"minecraft:bucket":5,"comforts:sleeping_bag_white":149,"minecraft:rose_bush":1,"minecraft:cobblestone_slab":2,"create:potato_cannon":3,"minecraft:calcite":78,"minecraft:iron_pickaxe":1,"argentinas_delight:mateamargoitem":9,"minecraft:iron_boots":2,"minecraft:furnace":7,"minecraft:stick":639,"minecraft:birch_trapdoor":9,"minecraft:oak_fence":5,"minecraft:torch":97,"minecraft:porkchop":2,"minecraft:dried_kelp":2,"minecraft:pointed_dripstone":2,"tombstone:grave_dust":13,"minecraft:diorite":177,"minecraft:goat_horn":1,"create:large_cogwheel":17,"minecraft:rotten_flesh":21,"create:asurine":72,"create:veridium":5,"minecraft:obsidian":30,"minecraft:cobblestone":8124,"minecraft:pink_petals":2,"fight_or_die:springer_fragment":1,"minecraft:magma_cream":88,"create:fluid_tank":5,"minecraft:cherry_planks":124,"minecraft:andesite":1031,"minecraft:potato":1070,"create:belt_connector":1,"minecraft:tuff":172,"create:raw_zinc":79,"cgm:heavy_rifle":4,"create:incomplete_precision_mechanism":142,"minecraft:lapis_lazuli":34,"minecraft:dirt":504,"minecraft:glass":2,"minecraft:bone":18,"minecraft:bow":3,"minecraft:wheat_seeds":26,"minecraft:raw_gold":10,"minecraft:grindstone":2,"minecraft:fletching_table":31,"minecraft:oak_planks":55,"minecraft:diorite_wall":1,"minecraft:cooked_porkchop":27,"create:cogwheel":45,"minecraft:oak_pressure_plate":6,"minecraft:poisonous_potato":3,"create_enchantment_industry:enchanting_guide":5,"minecraft:sand":426,"minecraft:jungle_planks":136,"minecraft:nether_brick_stairs":1,"minecraft:dead_bush":3,"minecraft:grass_block":2,"minecraft:jungle_slab":31,"minecraft:spectral_arrow":11,"cgm:shell":393,"minecraft:diamond":28,"create:filter":2,"minecraft:cracked_polished_blackstone_bricks":16,"minecraft:crossbow":4,"minecraft:bone_meal":16,"minecraft:golden_apple":2,"minecraft:emerald":13,"minecraft:oak_sapling":384,"minecraft:netherrack":963,"create:stressometer":1,"minecraft:oak_leaves":95,"minecraft:charcoal":11,"minecraft:chicken":29,"minecraft:chest_minecart":1,"minecraft:diorite_slab":1,"minecraft:gold_block":5,"mca:letter":1,"minecraft:iron_axe":1,"minecraft:warped_fence":5,"minecraft:blackstone":84,"cgm:mini_gun":2,"minecraft:oak_boat":11,"create:basin":3,"minecraft:light_gray_wool":3,"minecraft:lectern":20,"minecraft:sugar_cane":338,"minecraft:dark_oak_sapling":51,"minecraft:raw_iron":132,"minecraft:cherry_stairs":9,"fight_or_die:rotten_brain":3,"create:golden_sheet":4,"minecraft:copper_ingot":3211,"minecraft:polished_blackstone_bricks":75,"minecraft:stone_button":1,"create:hand_crank":13,"create:zinc_ingot":2483,"tombstone:scroll_of_purification":2,"minecraft:dark_oak_planks":25,"minecraft:cherry_fence_gate":2,"minecraft:arrow":80,"create:experience_nugget":602,"minecraft:nether_bricks":27,"cgm:assault_rifle":3,"minecraft:saddle":1,"minecraft:wet_sponge":172,"minecraft:netherite_boots":1,"minecraft:basalt":525,"minecraft:crimson_stem":5,"minecraft:leather":76,"minecraft:birch_planks":7,"create:andesite_alloy":156,"minecraft:cobblestone_wall":9,"minecraft:yellow_bed":8,"minecraft:nether_wart_block":1,"minecraft:gunpowder":30,"create:blaze_burner":4,"immersive_aircraft:gyrodyne":2,"create:copper_nugget":1616,"create:adjustable_chain_gearshift":4,"minecraft:heart_of_the_sea":2,"minecraft:iron_ingot":257,"protection_pixel:ironarmorplate":1,"fight_or_die:mutated_ender_pearl":1,"minecraft:soul_sand":38,"sophisticatedbackpacks:diamond_backpack":7,"minecraft:book":3,"minecraft:oak_slab":1,"create:large_water_wheel":4,"minecraft:pumpkin":11,"minecraft:stone_brick_slab":1,"minecraft:quartz":34,"minecraft:dandelion":1,"minecraft:lava_bucket":6,"minecraft:blast_furnace":12,"minecraft:white_bed":7,"create:brass_tunnel":12,"minecraft:pumpkin_seeds":52,"create:brass_ingot":14,"create:zinc_nugget":981,"minecraft:chainmail_leggings":1,"minecraft:iron_helmet":1,"create:crushed_raw_copper":469,"minecraft:cherry_sapling":65,"tombstone:magic_scroll":1,"argentinas_delight:cuernodetoro":26,"minecraft:black_wool":5,"cgm:workbench":1,"minecraft:coal":18}},"DataVersion":3465}