{"stats":{"minecraft:killed":{"minecraft:horse":1,"minecraft:skeleton":5,"minecraft:zombie":27,"minecraft:witch":1,"minecraft:stray":7,"mca:male_villager":4,"minecraft:spider":12,"minecraft:vindicator":1,"minecraft:iron_golem":1,"mca:female_villager":11,"minecraft:skeleton_horse":1,"minecraft:zombie_horse":2,"minecraft:creeper":6},"minecraft:picked_up":{"minecraft:wheat":1,"minecraft:leather_leggings":1,"protection_pixel:heatpulsethruster":1,"minecraft:spruce_stairs":1,"sophisticatedbackpacks:backpack":1,"tombstone:grave_dust":1,"minecraft:string":2,"minecraft:spider_eye":1,"minecraft:dirt":17,"minecraft:bone":2,"minecraft:white_carpet":1,"minecraft:rotten_flesh":7,"minecraft:stone_bricks":2,"minecraft:wheat_seeds":2,"minecraft:iron_ingot":1,"protection_pixel:powerengine":1,"tombstone:magic_scroll":1,"minecraft:spruce_trapdoor":1,"minecraft:cobblestone":23},"minecraft:killed_by":{"minecraft:skeleton":1},"minecraft:custom":{"minecraft:time_since_rest":37544,"minecraft:sprint_one_cm":40887,"minecraft:damage_taken":1222,"minecraft:damage_absorbed":548,"minecraft:walk_one_cm":76310,"minecraft:interact_with_anvil":4,"minecraft:mob_kills":102,"minecraft:drop":5,"tombstone:raider_killed":2,"minecraft:fly_one_cm":78853,"minecraft:open_chest":2,"minecraft:play_time":39452,"minecraft:crouch_one_cm":854,"tombstone:undead_killed":42,"minecraft:deaths":1,"minecraft:sneak_time":477,"minecraft:jump":243,"tombstone:villager_killed":15,"minecraft:damage_dealt_resisted":290,"minecraft:leave_game":1,"minecraft:walk_on_water_one_cm":112,"minecraft:time_since_death":37903,"minecraft:total_world_time":39452,"minecraft:damage_resisted":237,"minecraft:fall_one_cm":12899},"minecraft:dropped":{"protection_pixel:watertank":1,"minecraft:wheat_seeds":1,"protection_pixel:powerengine":1,"protection_pixel:heatpulsethruster":2},"minecraft:crafted":{"protection_pixel:heatpulsethruster":1},"minecraft:mined":{"minecraft:grass_block":1,"minecraft:stone":23},"minecraft:used":{"cgm:shotgun":112,"minecraft:ender_pearl":1,"create:creative_motor":1,"create:mechanical_pump":1,"minecraft:anvil":1,"minecraft:golden_carrot":5,"create:cogwheel":3,"tombstone:gift":3,"create:fluid_pipe":3,"create:creative_fluid_tank":1,"protection_pixel:armorloadplatform":1,"protection_pixel:pneumaticpickaxe":24,"minecraft:enchanted_golden_apple":5,"cgm:heavy_rifle":79}},"DataVersion":3465}