{"stats":{"minecraft:broken":{"minecraft:shield":1,"minecraft:leather_boots":1,"minecraft:stone_axe":1,"minecraft:wooden_axe":1},"minecraft:custom":{"minecraft:mob_kills":53,"minecraft:interact_with_crafting_table":36,"minecraft:open_barrel":13,"minecraft:leave_game":3,"minecraft:time_since_death":70712,"minecraft:climb_one_cm":4366,"minecraft:sprint_one_cm":577834,"minecraft:walk_one_cm":432162,"minecraft:damage_blocked_by_shield":5610,"minecraft:drop":42,"minecraft:talked_to_villager":2,"minecraft:play_time":227170,"minecraft:deaths":5,"minecraft:sneak_time":3535,"minecraft:walk_under_water_one_cm":38331,"minecraft:jump":3450,"minecraft:walk_on_water_one_cm":24638,"minecraft:total_world_time":227170,"minecraft:interact_with_furnace":75,"minecraft:sleep_in_bed":17,"minecraft:time_since_rest":380,"minecraft:damage_taken":4292,"minecraft:damage_dealt":8683,"minecraft:swim_one_cm":189076,"minecraft:fly_one_cm":586941,"minecraft:open_chest":128,"minecraft:crouch_one_cm":4513,"tombstone:undead_killed":20,"tombstone:villager_killed":2,"minecraft:interact_with_smoker":15,"minecraft:fall_one_cm":103753},"minecraft:mined":{"minecraft:carved_pumpkin":20,"minecraft:acacia_log":9,"minecraft:grass_block":2,"butcher:cow_headf":1,"butcher:sheephead":2,"minecraft:kelp":1,"minecraft:sandstone":18,"comforts:sleeping_bag_white":3,"minecraft:tall_seagrass":1,"butcher:villager_head":2,"minecraft:spruce_sapling":3,"minecraft:iron_ore":19,"minecraft:fire":13,"minecraft:pumpkin":21,"minecraft:dark_oak_stairs":1,"minecraft:bookshelf":8,"minecraft:wet_sponge":10,"minecraft:stone":55,"minecraft:orange_bed":5,"minecraft:smithing_table":1,"minecraft:smoker":2,"minecraft:spruce_door":2,"minecraft:crafting_table":4,"minecraft:torch":10,"minecraft:sponge":3,"minecraft:chest":4,"minecraft:cobblestone":1,"minecraft:sugar_cane":13,"minecraft:oak_planks":5,"minecraft:damaged_anvil":1,"minecraft:wall_torch":4,"minecraft:seagrass":1,"minecraft:chain":1,"minecraft:spruce_log":15,"butcher:hanging_skinned_sheep_corpse":1,"minecraft:tnt":1,"minecraft:grass":16,"minecraft:oak_log":83,"minecraft:coal_ore":5,"minecraft:sand":46,"minecraft:dirt":2,"minecraft:cobweb":34,"minecraft:acacia_planks":5},"minecraft:dropped":{"minecraft:iron_sword":4,"minecraft:wheat_seeds":2,"minecraft:cooked_beef":12,"minecraft:smithing_table":1,"minecraft:crafting_table":1,"minecraft:feather":3,"minecraft:cobblestone":2,"minecraft:book":1,"minecraft:stick":19,"minecraft:dirt":2,"minecraft:sand":80,"minecraft:orange_bed":2,"minecraft:bowl":4,"minecraft:rotten_flesh":11,"minecraft:oak_planks":103,"sophisticatedbackpacks:backpack":1,"minecraft:shield":1,"minecraft:golden_leggings":1,"minecraft:golden_sword":1,"minecraft:spruce_log":7,"minecraft:sandstone":8,"minecraft:arrow":2,"minecraft:bow":1,"minecraft:beef":10},"minecraft:picked_up":{"minecraft:crafting_table":4,"butcher:raw_lamb_shoulder":8,"butcher:rawlambloin":8,"minecraft:smithing_table":2,"create:wrench":1,"butcher:skinned_drained_sheep_corpse_item":1,"minecraft:chain":1,"minecraft:shield":1,"butcher:cowcorpseitem":4,"butcher:raw_sirloin_steak":3,"minecraft:string":34,"minecraft:iron_leggings":2,"minecraft:compass":1,"comforts:sleeping_bag_white":13,"minecraft:beef":19,"butcher:sheep_skin":14,"minecraft:iron_pickaxe":1,"minecraft:light_gray_wool":1,"minecraft:sugar_cane":31,"minecraft:chest":4,"minecraft:egg":1,"minecraft:sandstone":17,"butcher:lambrib":8,"minecraft:stick":26,"minecraft:raw_iron":19,"minecraft:bowl":2,"minecraft:torch":16,"minecraft:acacia_log":8,"sophisticatedbackpacks:backpack":1,"butcher:sheep_corpse_item":8,"tombstone:grave_dust":5,"minecraft:tnt":1,"minecraft:orange_bed":5,"minecraft:arrow":18,"minecraft:rotten_flesh":20,"minecraft:carved_pumpkin":20,"minecraft:mutton":14,"minecraft:white_wool":43,"minecraft:cobblestone":116,"minecraft:wet_sponge":10,"minecraft:sponge":3,"butcher:villager_meat":6,"minecraft:feather":3,"minecraft:cooked_beef":20,"minecraft:golden_leggings":1,"minecraft:leather":17,"butcher:villager_head":2,"minecraft:smoker":2,"minecraft:oak_log":83,"minecraft:gunpowder":6,"minecraft:dirt":48,"minecraft:leather_boots":1,"minecraft:bone":31,"butcher:cow_skin":8,"minecraft:acacia_planks":10,"butcher:raw_ribeye_steak":3,"minecraft:apple":4,"minecraft:kelp":39,"minecraft:bow":2,"minecraft:wheat_seeds":2,"butcher:raw_tbone_steak":4,"minecraft:iron_ingot":1,"butcher:villager_corpse_item":2,"create:goggles":1,"tombstone:bag_of_seeds":1,"butcher:raw_chuck_steak":3,"minecraft:iron_sword":1,"minecraft:oak_planks":107,"butcher:cow_headf":4,"minecraft:book":29,"butcher:sheephead":8,"minecraft:pumpkin":21,"butcher:raw_rump_steak":4,"minecraft:gravel":6,"minecraft:sand":85,"minecraft:spruce_sapling":12,"minecraft:spruce_log":7,"minecraft:spruce_door":2,"butcher:cowhoof":33,"minecraft:leather_helmet":2,"butcher:raw_leg_of_lamb":15,"minecraft:pumpkin_seeds":80,"minecraft:gray_wool":1,"minecraft:emerald":17,"minecraft:chainmail_helmet":1,"tombstone:magic_scroll":2,"minecraft:oak_sapling":45,"butcher:raw_lamb_sirloin":8,"argentinas_delight:cuernodetoro":2,"minecraft:damaged_anvil":1,"minecraft:coal":46},"minecraft:used":{"butcher:rump_steak":4,"butcher:lamb_shoulder":1,"minecraft:flint_and_steel":12,"minecraft:carved_pumpkin":1,"butcher:skinned_drained_sheep_corpse_item":10,"minecraft:chest":6,"minecraft:iron_sword":177,"minecraft:shield":89,"minecraft:rotten_flesh":2,"minecraft:orange_bed":2,"minecraft:torch":26,"minecraft:dirt":40,"minecraft:mutton":6,"butcher:sheep_corpse_item":9,"butcher:cowcorpseitem":4,"butcher:sheephead":8,"minecraft:wooden_axe":67,"butcher:cow_headf":4,"butcher:bloodgrate":1,"minecraft:golden_carrot":1,"minecraft:bow":1,"minecraft:beef":6,"minecraft:furnace":6,"tombstone:gift":4,"minecraft:egg":1,"comforts:sleeping_bag_white":14,"minecraft:cooked_beef":8,"minecraft:acacia_planks":42,"minecraft:pumpkin":20,"minecraft:iron_leggings":2,"butcher:villager_corpse_item":2,"butcher:chuck_steak":3,"minecraft:cooked_mutton":8,"minecraft:damaged_anvil":1,"butcher:leg_of_lamb":15,"minecraft:spruce_door":2,"minecraft:stone_pickaxe":87,"minecraft:oak_planks":58,"butcher:butchers_knife":42,"butcher:cooked_villager_meat":7,"minecraft:wooden_pickaxe":3,"minecraft:sandstone":9,"butcher:cooked_lamb_rib":1,"minecraft:sand":5,"minecraft:white_wool":1,"minecraft:crafting_table":7,"minecraft:white_bed":1,"minecraft:sponge":6,"butcher:villager_head":2,"minecraft:shears":20,"minecraft:smoker":2,"tombstone:bag_of_seeds":2,"minecraft:diamond_pickaxe":27,"minecraft:apple":4,"butcher:drained_villager_corpse_item":2,"minecraft:bread":4,"minecraft:suspicious_stew":2,"minecraft:iron_pickaxe":1,"minecraft:leather_helmet":1,"minecraft:golden_leggings":2,"minecraft:stone_axe":130,"butcher:butcherstable":1,"minecraft:cobblestone":71,"butcher:lamb_sirloin":1,"butcher:skinned_cow_corpse_item":3,"minecraft:chain":6,"butcher:tbonesteak":4,"butcher:drained_sheep_corpse_item":2,"minecraft:splash_potion":1},"minecraft:killed_by":{"minecraft:skeleton":1,"minecraft:zombie":1},"minecraft:crafted":{"butcher:bloodgrate":1,"minecraft:oak_planks":132,"minecraft:iron_nugget":18,"butcher:rump_steak":4,"butcher:lamb_sirloin":16,"comforts:sleeping_bag_white":1,"minecraft:chain":5,"butcher:rib_steak":3,"butcher:sirloin_steak":3,"minecraft:furnace":6,"minecraft:bone_meal":3,"minecraft:white_carpet":45,"minecraft:cooked_mutton":8,"minecraft:iron_bars":16,"butcher:cooked_lamb_rib":8,"butcher:bonebutchersknife":2,"minecraft:stone_pickaxe":1,"minecraft:chest":2,"minecraft:cooked_beef":3,"golems:guide_book":1,"minecraft:iron_trapdoor":3,"minecraft:crafting_table":4,"minecraft:wooden_pickaxe":1,"butcher:skinning_knife":1,"minecraft:stone_axe":1,"minecraft:air":0,"butcher:leg_of_lamb":15,"minecraft:diamond_pickaxe":1,"butcher:cooked_villager_meat":7,"minecraft:shield":5,"minecraft:stick":36,"butcher:hook":1,"minecraft:iron_ingot":27,"minecraft:wooden_axe":1,"butcher:butchers_knife":1,"minecraft:white_bed":1,"butcher:lamb_shoulder":8,"minecraft:acacia_planks":32,"minecraft:sponge":10,"minecraft:torch":20,"butcher:tbonesteak":4,"minecraft:shears":1,"butcher:butcherstable":1,"butcher:chuck_steak":3},"minecraft:killed":{"minecraft:skeleton":10,"minecraft:bee":1,"golems:golem":1,"minecraft:creeper":1,"minecraft:sheep":12,"minecraft:zombie":10,"mca:male_villager":1,"mca:female_villager":1,"minecraft:cow":12}},"DataVersion":3465}