{"stats":{"minecraft:killed_by":{"minecraft:zombie":1,"minecraft:skeleton":1,"golems:golem":1},"minecraft:mined":{"minecraft:carved_pumpkin":20,"argentinas_delight:hojasdemate":50,"minecraft:acacia_log":9,"minecraft:grass_block":28,"butcher:sheephead":2,"comforts:sleeping_bag_white":4,"minecraft:tall_seagrass":1,"minecraft:iron_ore":19,"minecraft:fire":13,"minecraft:pumpkin":21,"minecraft:dark_oak_stairs":1,"butcher:bloody_butchers_table":1,"minecraft:orange_bed":5,"minecraft:smoker":2,"minecraft:torch":11,"minecraft:chest":8,"minecraft:cobblestone":20,"minecraft:oak_planks":6,"minecraft:sugar_cane":17,"minecraft:damaged_anvil":2,"minecraft:wall_torch":4,"minecraft:seagrass":1,"minecraft:chain":3,"butcher:saltblock":15,"butcher:hanging_skinned_sheep_corpse":1,"minecraft:tnt":1,"minecraft:grass":47,"minecraft:oak_log":83,"minecraft:sand":47,"minecraft:dirt":4,"butcher:cow_headf":1,"minecraft:kelp":1,"butcher:pighead":1,"minecraft:sandstone":18,"butcher:villager_head":4,"minecraft:spruce_sapling":3,"minecraft:bookshelf":12,"minecraft:vine":1,"minecraft:wet_sponge":12,"minecraft:bamboo":1,"minecraft:stone":55,"minecraft:smithing_table":1,"minecraft:spruce_door":2,"minecraft:crafting_table":6,"minecraft:sponge":3,"minecraft:spruce_log":15,"butcher:hook_block":2,"minecraft:coal_ore":6,"butcher:hangingvillagercorpse":1,"minecraft:cobweb":35,"minecraft:acacia_planks":5},"minecraft:dropped":{"minecraft:iron_sword":5,"minecraft:cooked_beef":12,"minecraft:crafting_table":1,"minecraft:dirt":2,"minecraft:mutton":2,"minecraft:sand":80,"create:goggles":1,"minecraft:white_wool":11,"butcher:panda":1,"minecraft:iron_nugget":4,"minecraft:rotten_flesh":11,"minecraft:oak_planks":103,"argentinas_delight:cuernodetoro":2,"minecraft:arrow":2,"minecraft:beef":10,"minecraft:iron_ingot":30,"minecraft:wheat_seeds":5,"minecraft:smithing_table":1,"butcher:butchers_knife":1,"minecraft:feather":3,"minecraft:cobblestone":28,"minecraft:book":1,"minecraft:stick":19,"minecraft:orange_bed":2,"minecraft:bowl":4,"sophisticatedbackpacks:backpack":1,"minecraft:damaged_anvil":1,"minecraft:potato":1,"minecraft:shield":1,"minecraft:golden_leggings":1,"minecraft:golden_sword":1,"minecraft:spruce_log":7,"minecraft:sandstone":8,"minecraft:bow":1},"minecraft:crafted":{"minecraft:oak_planks":236,"butcher:rump_steak":4,"minecraft:chain":5,"butcher:rib_steak":3,"minecraft:cooked_mutton":8,"minecraft:iron_bars":16,"butcher:sponge":4,"butcher:cooked_lamb_rib":8,"minecraft:chest":3,"golems:guide_book":1,"sophisticatedbackpacks:backpack":1,"minecraft:crafting_table":6,"minecraft:wooden_pickaxe":1,"butcher:skinning_knife":1,"minecraft:diamond_pickaxe":1,"minecraft:shield":5,"minecraft:stick":52,"minecraft:iron_ingot":27,"butcher:butchers_knife":1,"butcher:lamb_shoulder":8,"minecraft:sponge":10,"minecraft:shears":1,"butcher:bloodgrate":1,"minecraft:iron_nugget":27,"butcher:lamb_sirloin":16,"comforts:sleeping_bag_white":1,"butcher:sirloin_steak":3,"minecraft:furnace":6,"minecraft:bone_meal":3,"minecraft:white_carpet":45,"butcher:bonebutchersknife":4,"minecraft:stone_pickaxe":1,"butcher:emptyskinrack":1,"minecraft:cooked_beef":3,"minecraft:iron_trapdoor":3,"minecraft:iron_sword":1,"minecraft:stone_axe":1,"minecraft:air":0,"butcher:leg_of_lamb":15,"butcher:cooked_villager_meat":16,"butcher:hook":5,"minecraft:wooden_axe":1,"minecraft:white_bed":1,"minecraft:acacia_planks":32,"minecraft:torch":20,"butcher:tbonesteak":4,"butcher:butcherstable":1,"butcher:chuck_steak":3},"minecraft:used":{"butcher:rump_steak":4,"butcher:lamb_shoulder":1,"butcher:skinned_drained_sheep_corpse_item":10,"minecraft:chest":7,"minecraft:shield":102,"minecraft:iron_sword":265,"minecraft:rotten_flesh":2,"minecraft:mutton":6,"butcher:emptyskinrack":1,"butcher:cow_headf":4,"minecraft:wet_sponge":1,"butcher:pighead":1,"minecraft:bow":2,"minecraft:furnace":6,"minecraft:egg":1,"minecraft:damaged_anvil":1,"minecraft:spruce_door":2,"minecraft:stone_pickaxe":115,"minecraft:oak_planks":139,"minecraft:wooden_pickaxe":3,"minecraft:sandstone":9,"minecraft:white_wool":1,"minecraft:sand":6,"minecraft:sponge":7,"butcher:villager_head":2,"minecraft:shears":20,"butcher:drained_villager_corpse_item":6,"minecraft:bread":19,"butcher:skinned_cow_corpse_item":3,"minecraft:chain":6,"butcher:tbonesteak":4,"minecraft:flint_and_steel":12,"minecraft:carved_pumpkin":1,"minecraft:orange_bed":2,"minecraft:torch":36,"minecraft:dirt":71,"butcher:sheep_corpse_item":11,"butcher:cowcorpseitem":4,"butcher:sheephead":8,"minecraft:wooden_axe":67,"butcher:bonebutchersknife":1,"butcher:drained_pig_corpse_item":10,"minecraft:bamboo":1,"butcher:bloodgrate":1,"minecraft:golden_carrot":1,"minecraft:beef":6,"butcher:hook_block":2,"tombstone:gift":6,"comforts:sleeping_bag_white":15,"minecraft:cooked_beef":8,"minecraft:acacia_planks":42,"minecraft:pumpkin":20,"minecraft:iron_leggings":2,"butcher:villager_corpse_item":7,"butcher:chuck_steak":3,"minecraft:cooked_mutton":8,"butcher:leg_of_lamb":15,"butcher:butchers_knife":137,"butcher:cooked_villager_meat":16,"butcher:cooked_lamb_rib":1,"minecraft:cauldron":1,"minecraft:crafting_table":11,"minecraft:white_bed":1,"butcher:pig_corpse_item":12,"minecraft:smoker":2,"tombstone:bag_of_seeds":2,"minecraft:diamond_pickaxe":28,"minecraft:apple":4,"butcher:bloody_butchers_table":1,"minecraft:suspicious_stew":2,"minecraft:iron_pickaxe":1,"minecraft:leather_helmet":1,"tombstone:magic_scroll":1,"minecraft:golden_leggings":2,"butcher:butcherstable":1,"minecraft:stone_axe":130,"minecraft:cobblestone":116,"butcher:lamb_sirloin":1,"minecraft:white_banner":1,"butcher:panda":1,"butcher:drained_sheep_corpse_item":2,"minecraft:splash_potion":1},"minecraft:killed":{"minecraft:skeleton":10,"minecraft:bee":1,"minecraft:iron_golem":1,"golems:golem":1,"minecraft:creeper":1,"minecraft:sheep":23,"minecraft:pillager":5,"minecraft:zombie":12,"mca:male_villager":3,"minecraft:cow":20,"mca:female_zombie_villager":2,"mca:male_zombie_villager":1,"minecraft:panda":1,"minecraft:squid":2,"mca:female_villager":3},"minecraft:broken":{"minecraft:stone_axe":1,"minecraft:wooden_axe":1,"minecraft:shield":1,"minecraft:leather_boots":1},"minecraft:custom":{"minecraft:interact_with_crafting_table":48,"minecraft:open_barrel":14,"minecraft:leave_game":4,"minecraft:time_since_death":24272,"minecraft:sprint_one_cm":747433,"minecraft:damage_blocked_by_shield":5970,"minecraft:drop":59,"minecraft:talked_to_villager":2,"minecraft:play_time":351342,"minecraft:deaths":6,"minecraft:jump":4656,"minecraft:walk_on_water_one_cm":39357,"minecraft:interact_with_furnace":86,"minecraft:sleep_in_bed":23,"minecraft:damage_dealt":16348,"minecraft:crouch_one_cm":5908,"tombstone:undead_killed":25,"tombstone:villager_killed":2,"minecraft:interact_with_smoker":16,"minecraft:mob_kills":90,"minecraft:climb_one_cm":6100,"minecraft:walk_one_cm":606316,"minecraft:sneak_time":4896,"minecraft:walk_under_water_one_cm":63417,"minecraft:total_world_time":351342,"tombstone:raider_killed":5,"minecraft:time_since_rest":23287,"minecraft:damage_taken":5375,"minecraft:swim_one_cm":284582,"minecraft:fly_one_cm":770756,"minecraft:open_chest":170,"minecraft:fall_one_cm":130591},"minecraft:picked_up":{"minecraft:smithing_table":2,"create:wrench":1,"butcher:raw_pork_shoulder":10,"butcher:cowcorpseitem":9,"minecraft:string":36,"minecraft:iron_leggings":2,"comforts:sleeping_bag_white":15,"minecraft:iron_pickaxe":1,"butcher:salt":44,"butcher:panda":2,"minecraft:stick":30,"minecraft:torch":17,"minecraft:acacia_log":8,"tombstone:grave_dust":5,"butcher:raw_pork_leg":40,"minecraft:cauldron":1,"minecraft:orange_bed":5,"minecraft:rotten_flesh":20,"minecraft:carved_pumpkin":20,"butcher:raw_pork_belly":10,"minecraft:cobblestone":187,"minecraft:sponge":3,"butcher:squidcorpse":2,"minecraft:feather":3,"minecraft:cooked_beef":20,"butcher:pig_corpse_item":12,"butcher:villager_head":6,"minecraft:golden_leggings":2,"minecraft:smoker":2,"minecraft:potato":1,"minecraft:dirt":79,"minecraft:leather_boots":1,"butcher:cow_skin":8,"minecraft:bone":45,"butcher:raw_ribeye_steak":3,"minecraft:acacia_planks":10,"minecraft:bow":2,"minecraft:wheat_seeds":5,"butcher:raw_tbone_steak":4,"create:goggles":1,"minecraft:bamboo":17,"minecraft:oak_planks":108,"butcher:cow_headf":4,"minecraft:sand":86,"butcher:raw_pork_ham":10,"minecraft:fermented_spider_eye":1,"argentinas_delight:yerbamate":12,"minecraft:diamond":2,"minecraft:bone_meal":2,"minecraft:emerald":19,"minecraft:chainmail_helmet":1,"butcher:raw_lamb_sirloin":8,"minecraft:oak_sapling":45,"minecraft:crafting_table":6,"butcher:raw_lamb_shoulder":8,"minecraft:splash_potion":1,"butcher:rawlambloin":8,"butcher:skinned_drained_sheep_corpse_item":1,"minecraft:chain":3,"minecraft:shield":1,"butcher:raw_sirloin_steak":3,"minecraft:compass":1,"minecraft:beef":35,"butcher:sheep_skin":14,"minecraft:iron_nugget":8,"minecraft:light_gray_wool":1,"minecraft:chest":8,"minecraft:sugar_cane":55,"minecraft:egg":1,"butcher:lambrib":8,"minecraft:raw_iron":19,"minecraft:sandstone":17,"butcher:pighead":11,"minecraft:bowl":2,"sophisticatedbackpacks:backpack":1,"butcher:sheep_corpse_item":18,"minecraft:tnt":1,"minecraft:arrow":19,"butcher:raw_pork_loin":10,"minecraft:mutton":18,"minecraft:white_wool":54,"minecraft:wet_sponge":12,"butcher:pig_skin":4,"butcher:villager_meat":22,"butcher:butchers_knife":1,"minecraft:leather":29,"minecraft:oak_log":83,"minecraft:gunpowder":8,"minecraft:white_banner":1,"minecraft:apple":4,"minecraft:kelp":39,"minecraft:iron_ingot":28,"butcher:villager_corpse_item":7,"tombstone:bag_of_seeds":1,"butcher:hook_block":2,"butcher:raw_chuck_steak":3,"minecraft:iron_sword":4,"minecraft:book":41,"butcher:sheephead":8,"minecraft:pumpkin":21,"minecraft:gravel":6,"butcher:raw_rump_steak":4,"minecraft:spruce_sapling":12,"butcher:bloody_butchers_table":1,"argentinas_delight:hojasdemate":50,"minecraft:spruce_log":7,"butcher:cowhoof":33,"minecraft:spruce_door":2,"minecraft:spider_eye":4,"minecraft:leather_helmet":2,"butcher:salmon":6,"butcher:raw_leg_of_lamb":15,"minecraft:pumpkin_seeds":80,"minecraft:gray_wool":1,"tombstone:magic_scroll":2,"argentinas_delight:cuernodetoro":7,"minecraft:damaged_anvil":4,"minecraft:black_wool":1,"minecraft:coal":47}},"DataVersion":3465}