{"stats":{"minecraft:used":{"cgm:shotgun":54,"minecraft:ender_pearl":1,"create:creative_motor":1,"create:mechanical_pump":1,"minecraft:anvil":1,"minecraft:golden_carrot":3,"create:cogwheel":3,"create:fluid_pipe":3,"tombstone:gift":1,"create:creative_fluid_tank":1,"protection_pixel:armorloadplatform":1,"protection_pixel:pneumaticpickaxe":24,"minecraft:enchanted_golden_apple":2,"cgm:heavy_rifle":40},"minecraft:killed":{"minecraft:horse":1,"minecraft:skeleton":4,"minecraft:zombie":18,"minecraft:witch":1,"minecraft:stray":4,"minecraft:spider":9,"minecraft:vindicator":1,"mca:female_villager":1,"minecraft:zombie_horse":1,"minecraft:creeper":5},"minecraft:custom":{"minecraft:time_since_rest":26871,"minecraft:sprint_one_cm":37904,"minecraft:damage_taken":689,"minecraft:walk_one_cm":56934,"minecraft:damage_absorbed":210,"minecraft:interact_with_anvil":4,"minecraft:mob_kills":60,"tombstone:raider_killed":2,"minecraft:fly_one_cm":58221,"minecraft:open_chest":1,"minecraft:crouch_one_cm":648,"minecraft:play_time":28779,"tombstone:undead_killed":27,"minecraft:deaths":1,"minecraft:sneak_time":376,"minecraft:jump":196,"tombstone:villager_killed":1,"minecraft:damage_dealt_resisted":290,"minecraft:walk_on_water_one_cm":112,"minecraft:time_since_death":27230,"minecraft:total_world_time":28779,"minecraft:damage_resisted":77,"minecraft:fall_one_cm":4101},"minecraft:killed_by":{"minecraft:skeleton":1},"minecraft:picked_up":{"minecraft:leather_leggings":1,"sophisticatedbackpacks:backpack":1,"tombstone:grave_dust":1,"minecraft:spider_eye":1,"minecraft:dirt":1,"minecraft:rotten_flesh":6,"minecraft:iron_ingot":1,"tombstone:magic_scroll":1,"minecraft:cobblestone":23},"minecraft:mined":{"minecraft:grass_block":1,"minecraft:stone":23}},"DataVersion":3465}