{"stats":{"minecraft:dropped":{"minecraft:iron_sword":1,"minecraft:golden_sword":1,"minecraft:oak_planks":62,"minecraft:arrow":2,"minecraft:stick":19},"minecraft:crafted":{"minecraft:oak_planks":76,"minecraft:crafting_table":1,"minecraft:stick":4,"minecraft:iron_ingot":3,"comforts:sleeping_bag_white":1,"minecraft:wooden_pickaxe":1,"minecraft:stone_pickaxe":1,"minecraft:wooden_axe":1,"minecraft:bone_meal":3,"minecraft:stone_axe":1},"minecraft:used":{"minecraft:wooden_axe":67,"minecraft:apple":2,"minecraft:stone_pickaxe":3,"minecraft:oak_planks":8,"minecraft:wooden_pickaxe":3,"minecraft:stone_axe":44,"minecraft:crafting_table":3,"comforts:sleeping_bag_white":1,"minecraft:egg":1,"minecraft:splash_potion":1},"minecraft:custom":{"minecraft:time_since_rest":5200,"minecraft:interact_with_furnace":1,"minecraft:sprint_one_cm":51060,"minecraft:damage_taken":215,"minecraft:walk_one_cm":56522,"minecraft:mob_kills":3,"minecraft:drop":6,"minecraft:damage_dealt":240,"minecraft:swim_one_cm":57627,"minecraft:interact_with_crafting_table":7,"minecraft:fly_one_cm":24178,"minecraft:open_barrel":1,"minecraft:open_chest":8,"minecraft:crouch_one_cm":281,"minecraft:play_time":17525,"minecraft:deaths":1,"minecraft:sneak_time":115,"minecraft:walk_under_water_one_cm":8185,"minecraft:jump":150,"minecraft:walk_on_water_one_cm":8244,"minecraft:time_since_death":7495,"minecraft:sleep_in_bed":1,"minecraft:climb_one_cm":80,"minecraft:total_world_time":17525,"minecraft:fall_one_cm":4041},"minecraft:broken":{"minecraft:wooden_axe":1},"minecraft:killed":{"minecraft:sheep":3},"minecraft:picked_up":{"minecraft:book":28,"minecraft:stick":19,"minecraft:crafting_table":3,"minecraft:smithing_table":1,"minecraft:oak_log":83,"minecraft:spruce_sapling":3,"minecraft:compass":1,"minecraft:orange_bed":4,"minecraft:arrow":1,"minecraft:apple":2,"comforts:sleeping_bag_white":1,"minecraft:emerald":4,"minecraft:oak_sapling":45,"minecraft:oak_planks":62,"minecraft:sugar_cane":7,"minecraft:chest":4,"minecraft:mutton":4,"minecraft:iron_sword":1,"minecraft:white_wool":3,"minecraft:cobblestone":6,"minecraft:egg":1},"minecraft:mined":{"minecraft:smithing_table":1,"minecraft:spruce_sapling":3,"minecraft:crafting_table":3,"minecraft:bookshelf":8,"minecraft:oak_log":83,"minecraft:chest":4,"minecraft:stone":6,"minecraft:sugar_cane":3,"minecraft:orange_bed":4}},"DataVersion":3465}