{"stats":{"minecraft:dropped":{"minecraft:iron_sword":4,"minecraft:wheat_seeds":1,"minecraft:cooked_beef":12,"minecraft:smithing_table":1,"minecraft:crafting_table":1,"minecraft:feather":3,"minecraft:book":1,"minecraft:stick":19,"minecraft:dirt":1,"minecraft:orange_bed":2,"minecraft:oak_planks":103,"sophisticatedbackpacks:backpack":1,"minecraft:golden_leggings":1,"minecraft:golden_sword":1,"minecraft:spruce_log":7,"minecraft:arrow":2,"minecraft:bow":1,"minecraft:beef":10},"minecraft:crafted":{"minecraft:oak_planks":84,"minecraft:iron_nugget":18,"comforts:sleeping_bag_white":1,"minecraft:chain":5,"minecraft:bone_meal":3,"minecraft:iron_bars":16,"minecraft:stone_pickaxe":1,"golems:guide_book":1,"minecraft:iron_trapdoor":3,"minecraft:crafting_table":2,"minecraft:wooden_pickaxe":1,"butcher:skinning_knife":1,"minecraft:stone_axe":1,"minecraft:air":0,"minecraft:diamond_pickaxe":1,"butcher:cooked_villager_meat":7,"minecraft:shield":1,"minecraft:stick":24,"butcher:hook":1,"minecraft:iron_ingot":22,"minecraft:wooden_axe":1,"butcher:butchers_knife":1,"minecraft:acacia_planks":32,"minecraft:shears":1,"butcher:butcherstable":1},"minecraft:used":{"minecraft:flint_and_steel":12,"butcher:skinned_drained_sheep_corpse_item":1,"minecraft:chest":4,"minecraft:shield":24,"minecraft:iron_sword":84,"minecraft:rotten_flesh":2,"minecraft:orange_bed":2,"minecraft:dirt":8,"minecraft:mutton":6,"butcher:sheep_corpse_item":2,"butcher:cowcorpseitem":4,"butcher:sheephead":1,"minecraft:wooden_axe":67,"butcher:cow_headf":3,"minecraft:golden_carrot":1,"minecraft:beef":6,"tombstone:gift":2,"comforts:sleeping_bag_white":6,"minecraft:egg":1,"minecraft:cooked_beef":8,"minecraft:acacia_planks":42,"minecraft:pumpkin":20,"minecraft:iron_leggings":2,"butcher:villager_corpse_item":2,"minecraft:stone_pickaxe":29,"butcher:butchers_knife":42,"minecraft:oak_planks":56,"butcher:cooked_villager_meat":7,"minecraft:wooden_pickaxe":3,"minecraft:white_wool":1,"minecraft:crafting_table":5,"minecraft:shears":20,"tombstone:bag_of_seeds":2,"minecraft:diamond_pickaxe":20,"minecraft:apple":4,"butcher:drained_villager_corpse_item":2,"minecraft:golden_leggings":2,"butcher:butcherstable":1,"minecraft:stone_axe":130,"minecraft:cobblestone":14,"butcher:skinned_cow_corpse_item":3,"minecraft:chain":6,"minecraft:splash_potion":1},"minecraft:custom":{"minecraft:mob_kills":32,"minecraft:interact_with_crafting_table":21,"minecraft:open_barrel":1,"minecraft:time_since_death":23764,"minecraft:climb_one_cm":228,"minecraft:sprint_one_cm":245610,"minecraft:walk_one_cm":228939,"minecraft:damage_blocked_by_shield":1350,"minecraft:drop":29,"minecraft:talked_to_villager":2,"minecraft:play_time":100317,"minecraft:deaths":3,"minecraft:sneak_time":1621,"minecraft:walk_under_water_one_cm":27551,"minecraft:jump":1613,"minecraft:walk_on_water_one_cm":15576,"minecraft:total_world_time":100317,"minecraft:interact_with_furnace":26,"minecraft:sleep_in_bed":7,"minecraft:time_since_rest":11220,"minecraft:damage_taken":1894,"minecraft:damage_dealt":5678,"minecraft:swim_one_cm":157549,"minecraft:fly_one_cm":199996,"minecraft:open_chest":56,"minecraft:crouch_one_cm":2365,"tombstone:undead_killed":2,"tombstone:villager_killed":2,"minecraft:interact_with_smoker":4,"minecraft:fall_one_cm":48017},"minecraft:broken":{"minecraft:stone_axe":1,"minecraft:leather_boots":1,"minecraft:wooden_axe":1},"minecraft:killed":{"minecraft:bee":1,"golems:golem":1,"minecraft:sheep":12,"minecraft:zombie":2,"mca:male_villager":1,"mca:female_villager":1,"minecraft:cow":12},"minecraft:picked_up":{"minecraft:crafting_table":4,"butcher:raw_lamb_shoulder":1,"butcher:rawlambloin":1,"minecraft:smithing_table":2,"create:wrench":1,"butcher:skinned_drained_sheep_corpse_item":1,"minecraft:chain":1,"butcher:cowcorpseitem":4,"butcher:raw_sirloin_steak":3,"minecraft:iron_leggings":1,"minecraft:compass":1,"comforts:sleeping_bag_white":6,"minecraft:beef":19,"butcher:sheep_skin":2,"minecraft:light_gray_wool":1,"minecraft:sugar_cane":31,"minecraft:chest":4,"minecraft:egg":1,"butcher:lambrib":1,"minecraft:stick":26,"minecraft:raw_iron":19,"minecraft:acacia_log":8,"sophisticatedbackpacks:backpack":1,"butcher:sheep_corpse_item":8,"tombstone:grave_dust":1,"minecraft:orange_bed":5,"minecraft:arrow":1,"minecraft:rotten_flesh":2,"minecraft:carved_pumpkin":20,"minecraft:mutton":7,"minecraft:white_wool":10,"minecraft:cobblestone":33,"butcher:villager_meat":6,"minecraft:feather":3,"minecraft:cooked_beef":20,"minecraft:leather":17,"minecraft:oak_log":83,"minecraft:dirt":9,"minecraft:leather_boots":1,"butcher:cow_skin":8,"minecraft:bone":8,"butcher:raw_ribeye_steak":3,"minecraft:acacia_planks":10,"minecraft:apple":4,"minecraft:kelp":39,"minecraft:bow":2,"minecraft:wheat_seeds":1,"butcher:raw_tbone_steak":4,"minecraft:iron_ingot":1,"butcher:villager_corpse_item":2,"create:goggles":1,"tombstone:bag_of_seeds":1,"butcher:raw_chuck_steak":3,"minecraft:oak_planks":107,"minecraft:iron_sword":1,"butcher:cow_headf":4,"minecraft:book":29,"butcher:sheephead":1,"minecraft:pumpkin":21,"butcher:raw_rump_steak":4,"minecraft:spruce_sapling":12,"minecraft:spruce_log":7,"butcher:cowhoof":19,"butcher:raw_leg_of_lamb":1,"minecraft:pumpkin_seeds":80,"minecraft:gray_wool":1,"minecraft:emerald":17,"minecraft:chainmail_helmet":1,"butcher:raw_lamb_sirloin":1,"argentinas_delight:cuernodetoro":2,"minecraft:oak_sapling":45},"minecraft:killed_by":{"minecraft:skeleton":1},"minecraft:mined":{"minecraft:carved_pumpkin":20,"minecraft:acacia_log":9,"minecraft:grass_block":1,"butcher:cow_headf":1,"minecraft:kelp":1,"comforts:sleeping_bag_white":1,"minecraft:spruce_sapling":3,"minecraft:iron_ore":19,"minecraft:fire":13,"minecraft:pumpkin":21,"minecraft:bookshelf":8,"minecraft:stone":30,"minecraft:orange_bed":5,"minecraft:smithing_table":1,"minecraft:crafting_table":4,"minecraft:chest":4,"minecraft:cobblestone":1,"minecraft:sugar_cane":13,"minecraft:oak_planks":5,"minecraft:chain":1,"minecraft:spruce_log":15,"butcher:hanging_skinned_sheep_corpse":1,"minecraft:grass":16,"minecraft:oak_log":83,"minecraft:acacia_planks":5}},"DataVersion":3465}