{"stats":{"minecraft:killed":{"minecraft:skeleton":4,"minecraft:zombie":13,"minecraft:stray":2,"minecraft:spider":2,"minecraft:creeper":3},"minecraft:picked_up":{"minecraft:wheat":1,"minecraft:spruce_stairs":1,"minecraft:stone_button":3,"tombstone:grave_dust":2,"cgm:heavy_rifle":1,"minecraft:gunpowder":2,"minecraft:spider_eye":2,"minecraft:bone":2,"minecraft:arrow":4,"minecraft:rotten_flesh":7,"minecraft:wheat_seeds":3,"protection_pixel:powerengine":1,"tombstone:magic_scroll":1},"minecraft:killed_by":{"minecraft:player":1,"minecraft:skeleton":1},"minecraft:custom":{"minecraft:time_since_rest":5664,"minecraft:sprint_one_cm":16493,"minecraft:damage_absorbed":120,"minecraft:damage_taken":822,"minecraft:walk_one_cm":51797,"tombstone:sneak_grave":1,"minecraft:mob_kills":25,"minecraft:drop":13,"tombstone:raider_killed":10,"minecraft:damage_dealt":7,"minecraft:damage_dealt_absorbed":80,"minecraft:fly_one_cm":33463,"minecraft:crouch_one_cm":379,"minecraft:deaths":2,"minecraft:play_time":15992,"tombstone:undead_killed":19,"minecraft:sneak_time":521,"tombstone:tomb_raiding":1,"minecraft:jump":80,"minecraft:time_since_death":6080,"minecraft:total_world_time":15992,"minecraft:fall_one_cm":627},"minecraft:dropped":{"minecraft:enchanted_book":2,"minecraft:stone_button":5,"protection_pixel:flarerod":1,"minecraft:wheat":1,"protection_pixel:powerengine":2,"minecraft:rotten_flesh":1,"cgm:heavy_rifle":1,"minecraft:white_wool":1,"protection_pixel:pneumaticgrenadelauncharm":1,"minecraft:bone":2},"minecraft:mined":{"minecraft:grass":2},"minecraft:used":{"minecraft:netherite_chestplate":1,"cgm:grenade":2,"minecraft:iron_helmet":1,"minecraft:iron_boots":1,"minecraft:iron_chestplate":1,"minecraft:netherite_boots":1,"minecraft:golden_apple":3,"minecraft:netherite_leggings":1,"minecraft:spruce_stairs":1,"tombstone:gift":4,"minecraft:netherite_helmet":1,"cgm:bazooka":4,"cgm:heavy_rifle":18,"minecraft:iron_leggings":1}},"DataVersion":3465}