{"stats":{"minecraft:dropped":{"minecraft:rotten_flesh":1,"butcher:butchersguidebook":2,"minecraft:wooden_axe":1,"minecraft:oak_sapling":2,"minecraft:wooden_pickaxe":1},"minecraft:crafted":{"minecraft:oak_planks":16,"minecraft:crafting_table":1,"minecraft:spruce_planks":8,"minecraft:wooden_pickaxe":1,"minecraft:stone_axe":1,"minecraft:stick":8,"minecraft:stone_pickaxe":1,"minecraft:wooden_axe":2,"minecraft:spruce_boat":1},"minecraft:used":{"minecraft:stone_pickaxe":62,"minecraft:wooden_pickaxe":3,"minecraft:rotten_flesh":5,"minecraft:dirt":5,"minecraft:crafting_table":3,"minecraft:spruce_boat":1,"minecraft:wooden_axe":46,"minecraft:brown_wool":1,"minecraft:spruce_sapling":2,"minecraft:stone_axe":40,"minecraft:bucket":1,"tombstone:gift":3,"minecraft:egg":4},"minecraft:custom":{"minecraft:mob_kills":21,"minecraft:interact_with_crafting_table":6,"minecraft:leave_game":1,"minecraft:time_since_death":4043,"minecraft:time_since_rest":1791,"minecraft:sprint_one_cm":99651,"minecraft:damage_taken":2370,"minecraft:walk_one_cm":110654,"minecraft:drop":7,"minecraft:damage_dealt":3018,"minecraft:swim_one_cm":6844,"minecraft:fly_one_cm":182161,"minecraft:open_chest":2,"minecraft:crouch_one_cm":1643,"minecraft:play_time":40602,"tombstone:undead_killed":9,"minecraft:deaths":9,"minecraft:sneak_time":1043,"minecraft:walk_under_water_one_cm":1611,"minecraft:boat_one_cm":47385,"minecraft:jump":910,"minecraft:walk_on_water_one_cm":2134,"minecraft:total_world_time":40602,"minecraft:fall_one_cm":22377},"minecraft:broken":{"minecraft:wooden_axe":1,"minecraft:chainmail_helmet":1},"minecraft:killed":{"minecraft:spider":4,"minecraft:sheep":3,"minecraft:skeleton":4,"minecraft:zombie":5,"minecraft:chicken":3},"minecraft:picked_up":{"minecraft:crafting_table":3,"minecraft:feather":3,"minecraft:chicken":3,"minecraft:brown_wool":2,"minecraft:flint":2,"minecraft:oak_log":4,"minecraft:golden_boots":1,"argentinas_delight:choclo":6,"minecraft:dirt":5,"minecraft:string":3,"minecraft:raw_copper":3,"minecraft:leather_boots":1,"minecraft:bone":7,"minecraft:apple":1,"minecraft:egg":4,"minecraft:golden_helmet":1,"minecraft:raw_iron":2,"minecraft:stick":2,"minecraft:gravel":1,"minecraft:spruce_sapling":2,"tombstone:grave_dust":3,"minecraft:spruce_log":6,"minecraft:spider_eye":1,"minecraft:bundle":1,"minecraft:arrow":8,"minecraft:rotten_flesh":6,"butcher:butchersguidebook":1,"minecraft:chainmail_helmet":1,"minecraft:oak_sapling":2,"minecraft:mutton":4,"minecraft:coal":14,"minecraft:white_wool":2,"minecraft:cobblestone":53},"minecraft:killed_by":{"minecraft:skeleton":8,"minecraft:spider":1},"minecraft:mined":{"minecraft:crafting_table":3,"minecraft:grass_block":3,"minecraft:brown_wool":1,"argentinas_delight:chocloabajo":2,"minecraft:iron_ore":2,"minecraft:spruce_log":6,"minecraft:oak_log":4,"minecraft:coal_ore":14,"minecraft:gravel":4,"minecraft:dirt":3,"argentinas_delight:choclobrote_5abajo":1,"minecraft:stone":47,"minecraft:oak_leaves":1}},"DataVersion":3465}