{"stats":{"minecraft:killed_by":{"minecraft:player":1,"minecraft:creeper":1,"minecraft:spider":1,"minecraft:skeleton":8,"minecraft:zombie":1},"minecraft:mined":{"minecraft:dark_oak_planks":2,"minecraft:spruce_planks":1,"minecraft:grass_block":18,"minecraft:brown_wool":1,"minecraft:tall_seagrass":1,"minecraft:iron_ore":10,"minecraft:andesite":28,"minecraft:stone":89,"minecraft:orange_bed":3,"minecraft:kelp_plant":15,"minecraft:crafting_table":5,"minecraft:emerald_ore":1,"minecraft:copper_ore":2,"minecraft:cobblestone":4,"minecraft:spruce_stairs":1,"minecraft:spruce_log":6,"minecraft:grass":2,"minecraft:oak_log":29,"minecraft:coal_ore":32,"minecraft:gravel":4,"minecraft:dirt":5,"minecraft:oak_leaves":1},"minecraft:dropped":{"minecraft:golden_boots":2,"minecraft:iron_ingot":3,"minecraft:iron_sword":2,"minecraft:golden_helmet":2,"minecraft:cooked_beef":1,"butcher:villager_meat":2,"minecraft:diamond":1,"butcher:butchers_knife":2,"butcher:villager_head":1,"minecraft:feather":4,"minecraft:emerald":1,"minecraft:lava_bucket":4,"minecraft:dirt":3,"minecraft:gray_wool":1,"minecraft:mutton":28,"minecraft:wooden_axe":1,"create:goggles":1,"minecraft:white_wool":15,"minecraft:cauldron":1,"minecraft:furnace":9,"minecraft:kelp":79,"minecraft:iron_nugget":38,"minecraft:raw_copper":1,"minecraft:rotten_flesh":1,"sophisticatedbackpacks:backpack":2,"butcher:butchersguidebook":2,"minecraft:andesite":28,"minecraft:chest":2,"minecraft:leather_boots":1,"minecraft:oak_sapling":2,"minecraft:wooden_pickaxe":1,"minecraft:black_wool":1},"minecraft:crafted":{"minecraft:oak_planks":104,"minecraft:iron_nugget":9,"comforts:sleeping_bag_white":2,"minecraft:furnace":8,"minecraft:bow":1,"minecraft:stone_pickaxe":3,"minecraft:chest":2,"minecraft:spruce_boat":1,"minecraft:cauldron":1,"minecraft:crafting_table":2,"minecraft:spruce_planks":16,"minecraft:wooden_pickaxe":1,"minecraft:spruce_door":3,"minecraft:bucket":2,"minecraft:stone_axe":2,"minecraft:oak_boat":1,"minecraft:diamond_pickaxe":1,"minecraft:stick":20,"minecraft:wooden_axe":2},"minecraft:used":{"minecraft:chest":1,"minecraft:iron_sword":42,"minecraft:rotten_flesh":10,"minecraft:torch":1,"minecraft:orange_bed":2,"minecraft:dirt":17,"minecraft:spruce_boat":4,"minecraft:wooden_axe":46,"butcher:cow_headf":1,"minecraft:bow":5,"tombstone:gift":5,"comforts:sleeping_bag_white":1,"minecraft:egg":4,"minecraft:cooked_beef":9,"minecraft:water_bucket":3,"minecraft:spruce_door":4,"minecraft:stone_pickaxe":164,"minecraft:wooden_pickaxe":3,"minecraft:crafting_table":5,"minecraft:diamond_pickaxe":1,"minecraft:brown_wool":1,"tombstone:grave_key":1,"minecraft:spruce_sapling":2,"minecraft:stone_axe":79,"minecraft:cobblestone":55,"minecraft:bucket":8,"minecraft:oak_boat":2},"minecraft:killed":{"minecraft:spider":4,"minecraft:skeleton":8,"minecraft:chicken":3,"minecraft:creeper":1,"minecraft:sheep":22,"minecraft:zombie":8},"minecraft:broken":{"minecraft:chainmail_helmet":1,"minecraft:wooden_axe":1},"minecraft:custom":{"minecraft:mob_kills":48,"minecraft:interact_with_crafting_table":25,"minecraft:open_barrel":4,"minecraft:bell_ring":1,"minecraft:leave_game":4,"minecraft:time_since_death":9776,"minecraft:climb_one_cm":286,"minecraft:sprint_one_cm":251404,"minecraft:walk_one_cm":415620,"minecraft:drop":115,"minecraft:talked_to_villager":3,"minecraft:play_time":182905,"minecraft:deaths":13,"minecraft:sneak_time":2513,"minecraft:walk_under_water_one_cm":13665,"minecraft:boat_one_cm":276262,"minecraft:jump":2248,"minecraft:walk_on_water_one_cm":9937,"minecraft:total_world_time":182905,"minecraft:interact_with_furnace":3,"minecraft:sleep_in_bed":4,"minecraft:time_since_rest":9495,"minecraft:damage_taken":3599,"minecraft:damage_dealt":5799,"minecraft:swim_one_cm":36535,"minecraft:fly_one_cm":319354,"minecraft:open_chest":48,"minecraft:crouch_one_cm":4753,"tombstone:undead_killed":16,"minecraft:interact_with_smoker":1,"minecraft:fall_one_cm":46638},"minecraft:picked_up":{"minecraft:crafting_table":5,"minecraft:chicken":3,"minecraft:string":3,"minecraft:raw_copper":14,"minecraft:compass":1,"butcher:sponge":2,"minecraft:bucket":2,"comforts:sleeping_bag_white":1,"minecraft:spruce_planks":1,"butcher:sheep_skin":18,"minecraft:oak_boat":2,"minecraft:iron_nugget":1,"minecraft:light_gray_wool":1,"minecraft:chest":1,"minecraft:furnace":1,"minecraft:egg":4,"minecraft:golden_helmet":3,"minecraft:stick":2,"minecraft:raw_iron":10,"butcher:pighead":10,"minecraft:torch":1,"minecraft:spruce_stairs":1,"sophisticatedbackpacks:backpack":2,"tombstone:grave_dust":5,"minecraft:dark_oak_planks":2,"minecraft:orange_bed":3,"minecraft:arrow":12,"minecraft:rotten_flesh":13,"minecraft:mutton":32,"minecraft:white_wool":17,"minecraft:cobblestone":161,"minecraft:wet_sponge":1,"butcher:pork_leg":19,"create:iron_sheet":1,"butcher:villager_meat":4,"minecraft:feather":4,"minecraft:cooked_beef":9,"butcher:butchers_knife":2,"minecraft:andesite":29,"minecraft:brown_wool":3,"butcher:villager_head":7,"minecraft:potato":18,"minecraft:flint":2,"minecraft:oak_log":29,"minecraft:golden_boots":3,"minecraft:gunpowder":4,"minecraft:dirt":23,"minecraft:cooked_mutton":11,"minecraft:leather_boots":1,"minecraft:bone":20,"minecraft:apple":1,"minecraft:kelp":79,"minecraft:iron_ingot":11,"create:goggles":1,"minecraft:oak_planks":1,"minecraft:iron_sword":3,"butcher:cow_headf":1,"minecraft:gravel":9,"minecraft:lava_bucket":3,"minecraft:spruce_sapling":2,"minecraft:spruce_log":6,"butcher:cowhoof":40,"minecraft:spruce_door":2,"minecraft:spider_eye":1,"minecraft:bundle":1,"minecraft:diamond":1,"minecraft:spruce_boat":3,"butcher:butchersguidebook":2,"minecraft:gray_wool":1,"minecraft:emerald":2,"minecraft:chainmail_helmet":1,"minecraft:oak_sapling":4,"minecraft:black_wool":1,"minecraft:coal":32}},"DataVersion":3465}