{"stats":{"minecraft:killed":{"minecraft:spider":1,"minecraft:zombie":11,"minecraft:creeper":1},"minecraft:picked_up":{"minecraft:wheat":1,"minecraft:rotten_flesh":6,"minecraft:wheat_seeds":3,"tombstone:magic_scroll":1,"minecraft:spider_eye":1},"minecraft:custom":{"minecraft:time_since_rest":3992,"minecraft:play_time":3992,"minecraft:crouch_one_cm":142,"minecraft:sprint_one_cm":1452,"tombstone:undead_killed":11,"minecraft:walk_one_cm":5404,"minecraft:sneak_time":137,"minecraft:mob_kills":14,"minecraft:drop":1,"minecraft:jump":22,"tombstone:raider_killed":10,"minecraft:time_since_death":3992,"minecraft:total_world_time":3992,"minecraft:damage_dealt_absorbed":80,"minecraft:fall_one_cm":209,"minecraft:fly_one_cm":22909},"minecraft:dropped":{"minecraft:wheat":1},"minecraft:used":{"minecraft:netherite_boots":1,"minecraft:netherite_leggings":1,"minecraft:netherite_chestplate":1,"minecraft:netherite_helmet":1,"tombstone:gift":2,"cgm:bazooka":4,"cgm:heavy_rifle":1}},"DataVersion":3465}