{"stats":{"minecraft:killed":{"minecraft:spider":3,"minecraft:creeper":7,"minecraft:skeleton":5,"minecraft:zombie":19,"minecraft:stray":4,"mca:male_villager":1,"mca:female_villager":2,"minecraft:cow":1},"minecraft:picked_up":{"minecraft:wheat":1,"protection_pixel:slingshot_leggings":1,"protection_pixel:socks_boots":1,"minecraft:oak_log":2,"cgm:heavy_rifle":1,"minecraft:gunpowder":6,"protection_pixel:pioneer_chestplate":1,"minecraft:string":1,"tombstone:gift":2,"minecraft:bone":3,"minecraft:apple":2,"minecraft:stone_bricks":1,"minecraft:wheat_seeds":3,"protection_pixel:lancer_helmet":1,"protection_pixel:heatpulsethruster":1,"minecraft:dandelion":1,"minecraft:spruce_stairs":1,"minecraft:spruce_fence":2,"minecraft:stone_button":3,"tombstone:grave_dust":2,"minecraft:spider_eye":2,"minecraft:arrow":4,"minecraft:rotten_flesh":14,"protection_pixel:powerengine":2,"tombstone:magic_scroll":1,"minecraft:snowball":1,"minecraft:cobblestone":1},"minecraft:killed_by":{"minecraft:player":3,"minecraft:skeleton":1},"minecraft:custom":{"minecraft:mob_kills":43,"tombstone:raider_killed":10,"minecraft:bell_ring":2,"minecraft:leave_game":1,"minecraft:time_since_death":1088,"minecraft:climb_one_cm":92,"minecraft:time_since_rest":582,"minecraft:walk_one_cm":97656,"minecraft:sprint_one_cm":49731,"minecraft:damage_taken":2279,"minecraft:damage_absorbed":385,"tombstone:sneak_grave":1,"minecraft:drop":35,"minecraft:damage_dealt":21,"minecraft:damage_dealt_absorbed":80,"minecraft:fly_one_cm":56626,"minecraft:player_kills":2,"minecraft:crouch_one_cm":565,"minecraft:play_time":32037,"tombstone:undead_killed":28,"minecraft:deaths":4,"minecraft:sneak_time":753,"tombstone:tomb_raiding":1,"tombstone:villager_killed":3,"minecraft:jump":248,"minecraft:total_world_time":32037,"minecraft:fall_one_cm":9820},"minecraft:dropped":{"minecraft:enchanted_book":2,"minecraft:oak_log":2,"protection_pixel:flarerod":1,"minecraft:wheat":1,"tombstone:gift":2,"minecraft:cobblestone":1,"minecraft:rotten_flesh":7,"protection_pixel:powerengine":2,"minecraft:iron_boots":1,"minecraft:apple":2,"minecraft:spruce_fence":2,"minecraft:gunpowder":2,"minecraft:stone_button":5,"minecraft:stone_bricks":1,"cgm:heavy_rifle":1,"minecraft:string":1,"minecraft:white_wool":1,"protection_pixel:pneumaticgrenadelauncharm":1,"minecraft:dandelion":2,"minecraft:bone":4},"minecraft:mined":{"minecraft:grass":2},"minecraft:used":{"minecraft:netherite_chestplate":1,"minecraft:iron_chestplate":1,"minecraft:golden_apple":11,"minecraft:netherite_leggings":1,"minecraft:spruce_stairs":1,"minecraft:netherite_helmet":1,"cgm:bazooka":4,"protection_pixel:pneumaticpickaxe":1,"minecraft:snowball":7,"cgm:grenade":3,"minecraft:iron_helmet":1,"minecraft:iron_boots":1,"minecraft:netherite_boots":1,"tombstone:gift":6,"minecraft:iron_leggings":1,"cgm:heavy_rifle":56}},"DataVersion":3465}