{"stats":{"minecraft:dropped":{"minecraft:iron_sword":1,"minecraft:diamond":1,"minecraft:rotten_flesh":1,"minecraft:emerald":1,"butcher:butchersguidebook":2,"minecraft:wooden_axe":1,"minecraft:oak_sapling":2,"minecraft:wooden_pickaxe":1},"minecraft:crafted":{"minecraft:oak_planks":16,"minecraft:crafting_table":1,"minecraft:spruce_planks":16,"minecraft:wooden_pickaxe":1,"minecraft:spruce_door":3,"minecraft:stone_axe":1,"minecraft:stick":8,"minecraft:stone_pickaxe":1,"minecraft:wooden_axe":2,"minecraft:spruce_boat":1},"minecraft:used":{"minecraft:water_bucket":2,"minecraft:spruce_door":2,"minecraft:stone_pickaxe":69,"minecraft:wooden_pickaxe":3,"minecraft:iron_sword":9,"minecraft:rotten_flesh":7,"minecraft:orange_bed":2,"minecraft:dirt":8,"minecraft:crafting_table":3,"minecraft:spruce_boat":4,"minecraft:wooden_axe":46,"minecraft:brown_wool":1,"minecraft:spruce_sapling":2,"minecraft:stone_axe":44,"minecraft:cobblestone":25,"minecraft:bucket":3,"tombstone:gift":5,"minecraft:egg":4},"minecraft:custom":{"minecraft:interact_with_furnace":1,"minecraft:mob_kills":23,"minecraft:interact_with_crafting_table":8,"minecraft:bell_ring":1,"minecraft:leave_game":1,"minecraft:time_since_death":5992,"minecraft:sleep_in_bed":1,"minecraft:climb_one_cm":110,"minecraft:time_since_rest":4930,"minecraft:sprint_one_cm":120895,"minecraft:damage_taken":2655,"minecraft:walk_one_cm":155136,"minecraft:drop":10,"minecraft:damage_dealt":3387,"minecraft:talked_to_villager":3,"minecraft:swim_one_cm":20255,"minecraft:fly_one_cm":208241,"minecraft:open_chest":7,"minecraft:crouch_one_cm":1899,"minecraft:play_time":64602,"tombstone:undead_killed":11,"minecraft:deaths":10,"minecraft:sneak_time":1261,"minecraft:walk_under_water_one_cm":8891,"minecraft:boat_one_cm":168487,"minecraft:jump":1144,"minecraft:walk_on_water_one_cm":4274,"minecraft:total_world_time":64602,"minecraft:fall_one_cm":26231},"minecraft:broken":{"minecraft:wooden_axe":1,"minecraft:chainmail_helmet":1},"minecraft:killed":{"minecraft:spider":4,"minecraft:sheep":3,"minecraft:skeleton":4,"minecraft:zombie":7,"minecraft:chicken":3},"minecraft:picked_up":{"minecraft:crafting_table":3,"minecraft:feather":3,"minecraft:cooked_beef":6,"minecraft:chicken":3,"minecraft:brown_wool":2,"minecraft:flint":2,"minecraft:oak_log":4,"minecraft:golden_boots":1,"argentinas_delight:choclo":6,"minecraft:dirt":8,"minecraft:string":3,"minecraft:raw_copper":8,"minecraft:leather_boots":1,"minecraft:bone":7,"minecraft:apple":1,"minecraft:spruce_planks":1,"minecraft:iron_ingot":1,"minecraft:egg":4,"minecraft:golden_helmet":1,"minecraft:raw_iron":2,"minecraft:stick":2,"minecraft:spruce_stairs":1,"minecraft:gravel":1,"minecraft:spruce_sapling":2,"tombstone:grave_dust":5,"minecraft:spruce_log":6,"minecraft:spider_eye":1,"minecraft:dark_oak_planks":2,"minecraft:orange_bed":3,"minecraft:bundle":1,"minecraft:arrow":8,"minecraft:rotten_flesh":6,"minecraft:diamond":1,"minecraft:spruce_boat":3,"butcher:butchersguidebook":1,"minecraft:emerald":1,"minecraft:chainmail_helmet":1,"minecraft:oak_sapling":2,"minecraft:mutton":4,"minecraft:coal":18,"minecraft:white_wool":2,"minecraft:cobblestone":53},"minecraft:killed_by":{"minecraft:skeleton":8,"minecraft:spider":1,"minecraft:zombie":1},"minecraft:mined":{"minecraft:dark_oak_planks":2,"minecraft:spruce_planks":1,"minecraft:crafting_table":3,"minecraft:grass_block":4,"minecraft:brown_wool":1,"minecraft:copper_ore":1,"minecraft:cobblestone":2,"minecraft:spruce_stairs":1,"argentinas_delight:chocloabajo":2,"minecraft:iron_ore":2,"minecraft:spruce_log":6,"minecraft:oak_log":4,"minecraft:coal_ore":18,"minecraft:gravel":4,"minecraft:dirt":5,"argentinas_delight:choclobrote_5abajo":1,"minecraft:stone":47,"minecraft:oak_leaves":1,"minecraft:orange_bed":3}},"DataVersion":3465}