{"stats":{"minecraft:killed_by":{"minecraft:player":1,"minecraft:skeleton":8,"minecraft:spider":1,"minecraft:zombie":1},"minecraft:mined":{"minecraft:dark_oak_planks":2,"minecraft:spruce_planks":1,"minecraft:kelp_plant":15,"minecraft:crafting_table":5,"minecraft:emerald_ore":1,"minecraft:grass_block":18,"minecraft:brown_wool":1,"minecraft:copper_ore":2,"minecraft:cobblestone":3,"minecraft:spruce_stairs":1,"minecraft:tall_seagrass":1,"minecraft:iron_ore":10,"minecraft:spruce_log":6,"minecraft:andesite":28,"minecraft:grass":2,"minecraft:coal_ore":32,"minecraft:oak_log":29,"minecraft:gravel":4,"minecraft:dirt":5,"minecraft:stone":89,"minecraft:oak_leaves":1,"minecraft:orange_bed":3},"minecraft:dropped":{"minecraft:golden_boots":2,"minecraft:iron_ingot":3,"minecraft:iron_sword":2,"minecraft:kelp":79,"minecraft:golden_helmet":2,"minecraft:iron_nugget":38,"minecraft:cooked_beef":1,"minecraft:raw_copper":1,"butcher:villager_meat":2,"minecraft:diamond":1,"butcher:villager_head":1,"butcher:butchers_knife":2,"minecraft:feather":4,"minecraft:rotten_flesh":1,"sophisticatedbackpacks:backpack":1,"minecraft:emerald":1,"butcher:butchersguidebook":2,"minecraft:dirt":3,"minecraft:andesite":28,"minecraft:wooden_axe":1,"minecraft:leather_boots":1,"minecraft:oak_sapling":2,"create:goggles":1,"minecraft:wooden_pickaxe":1,"minecraft:cauldron":1},"minecraft:crafted":{"minecraft:oak_planks":104,"minecraft:cauldron":1,"minecraft:iron_nugget":9,"minecraft:crafting_table":2,"minecraft:spruce_planks":16,"comforts:sleeping_bag_white":2,"minecraft:wooden_pickaxe":1,"minecraft:spruce_door":3,"minecraft:bucket":2,"minecraft:stone_axe":2,"minecraft:oak_boat":1,"minecraft:bow":1,"minecraft:diamond_pickaxe":1,"minecraft:stick":20,"minecraft:stone_pickaxe":3,"minecraft:wooden_axe":2,"minecraft:spruce_boat":1},"minecraft:used":{"minecraft:water_bucket":3,"minecraft:spruce_door":4,"minecraft:stone_pickaxe":163,"minecraft:wooden_pickaxe":3,"minecraft:iron_sword":36,"minecraft:rotten_flesh":10,"minecraft:orange_bed":2,"minecraft:dirt":17,"minecraft:crafting_table":5,"minecraft:wooden_axe":46,"minecraft:spruce_boat":4,"minecraft:diamond_pickaxe":1,"butcher:cow_headf":1,"minecraft:brown_wool":1,"minecraft:spruce_sapling":2,"minecraft:stone_axe":79,"minecraft:bow":5,"minecraft:cobblestone":52,"tombstone:gift":5,"minecraft:bucket":8,"minecraft:egg":4,"comforts:sleeping_bag_white":1,"minecraft:oak_boat":2,"minecraft:cooked_beef":9},"minecraft:killed":{"minecraft:spider":4,"minecraft:creeper":1,"minecraft:sheep":22,"minecraft:skeleton":8,"minecraft:zombie":7,"minecraft:chicken":3},"minecraft:broken":{"minecraft:wooden_axe":1,"minecraft:chainmail_helmet":1},"minecraft:custom":{"minecraft:interact_with_furnace":3,"minecraft:mob_kills":47,"minecraft:interact_with_crafting_table":23,"minecraft:bell_ring":1,"minecraft:leave_game":3,"minecraft:time_since_death":60879,"minecraft:sleep_in_bed":4,"minecraft:climb_one_cm":286,"minecraft:time_since_rest":27523,"minecraft:sprint_one_cm":232812,"minecraft:damage_taken":3232,"minecraft:walk_one_cm":371263,"minecraft:drop":103,"minecraft:damage_dealt":5320,"minecraft:swim_one_cm":36535,"minecraft:fly_one_cm":302900,"minecraft:talked_to_villager":3,"minecraft:open_chest":43,"minecraft:crouch_one_cm":2811,"minecraft:play_time":167993,"tombstone:undead_killed":15,"minecraft:deaths":12,"minecraft:sneak_time":1981,"minecraft:walk_under_water_one_cm":13665,"minecraft:boat_one_cm":276262,"minecraft:jump":2021,"minecraft:walk_on_water_one_cm":9937,"minecraft:total_world_time":167993,"minecraft:interact_with_smoker":1,"minecraft:fall_one_cm":42632},"minecraft:picked_up":{"minecraft:crafting_table":5,"create:iron_sheet":1,"butcher:villager_meat":4,"minecraft:feather":4,"minecraft:cooked_beef":9,"minecraft:chicken":3,"butcher:butchers_knife":2,"minecraft:andesite":29,"minecraft:brown_wool":3,"butcher:villager_head":3,"minecraft:potato":11,"minecraft:flint":2,"minecraft:oak_log":29,"minecraft:golden_boots":3,"minecraft:gunpowder":2,"minecraft:string":3,"minecraft:dirt":23,"minecraft:raw_copper":14,"minecraft:leather_boots":1,"minecraft:bone":10,"minecraft:apple":1,"minecraft:kelp":79,"minecraft:spruce_planks":1,"minecraft:bucket":2,"comforts:sleeping_bag_white":1,"minecraft:iron_ingot":11,"minecraft:oak_boat":2,"create:goggles":1,"minecraft:iron_nugget":1,"minecraft:light_gray_wool":1,"minecraft:iron_sword":3,"butcher:cow_headf":1,"minecraft:egg":4,"minecraft:golden_helmet":3,"minecraft:raw_iron":10,"minecraft:stick":2,"minecraft:spruce_stairs":1,"sophisticatedbackpacks:backpack":1,"minecraft:gravel":1,"minecraft:spruce_sapling":2,"tombstone:grave_dust":5,"minecraft:spruce_log":6,"minecraft:spider_eye":1,"minecraft:spruce_door":2,"butcher:cowhoof":1,"minecraft:dark_oak_planks":2,"minecraft:orange_bed":3,"minecraft:bundle":1,"minecraft:arrow":12,"minecraft:rotten_flesh":7,"minecraft:diamond":1,"minecraft:spruce_boat":3,"butcher:butchersguidebook":1,"minecraft:gray_wool":1,"minecraft:chainmail_helmet":1,"minecraft:emerald":2,"minecraft:oak_sapling":4,"minecraft:black_wool":1,"minecraft:mutton":32,"minecraft:coal":32,"minecraft:white_wool":17,"minecraft:cobblestone":160}},"DataVersion":3465}