{"stats":{"minecraft:dropped":{"minecraft:diamond":1,"minecraft:rotten_flesh":1,"minecraft:emerald":1,"butcher:butchersguidebook":2,"minecraft:wooden_axe":1,"minecraft:oak_sapling":2,"minecraft:wooden_pickaxe":1},"minecraft:crafted":{"minecraft:oak_planks":16,"minecraft:crafting_table":1,"minecraft:spruce_planks":8,"minecraft:wooden_pickaxe":1,"minecraft:stone_axe":1,"minecraft:stick":8,"minecraft:stone_pickaxe":1,"minecraft:wooden_axe":2,"minecraft:spruce_boat":1},"minecraft:used":{"minecraft:stone_pickaxe":62,"minecraft:wooden_pickaxe":3,"minecraft:iron_sword":2,"minecraft:rotten_flesh":5,"minecraft:orange_bed":1,"minecraft:dirt":5,"minecraft:crafting_table":3,"minecraft:spruce_boat":2,"minecraft:wooden_axe":46,"minecraft:brown_wool":1,"minecraft:spruce_sapling":2,"minecraft:stone_axe":44,"minecraft:cobblestone":6,"minecraft:bucket":1,"tombstone:gift":3,"minecraft:egg":4},"minecraft:custom":{"minecraft:mob_kills":21,"minecraft:interact_with_crafting_table":6,"minecraft:bell_ring":1,"minecraft:leave_game":1,"minecraft:time_since_death":16043,"minecraft:sleep_in_bed":1,"minecraft:climb_one_cm":110,"minecraft:time_since_rest":4400,"minecraft:sprint_one_cm":112785,"minecraft:damage_taken":2430,"minecraft:walk_one_cm":126397,"minecraft:drop":9,"minecraft:damage_dealt":3018,"minecraft:talked_to_villager":1,"minecraft:swim_one_cm":20255,"minecraft:fly_one_cm":187664,"minecraft:open_chest":5,"minecraft:crouch_one_cm":1829,"minecraft:play_time":52602,"tombstone:undead_killed":9,"minecraft:deaths":9,"minecraft:sneak_time":1141,"minecraft:walk_under_water_one_cm":8556,"minecraft:boat_one_cm":131850,"minecraft:jump":950,"minecraft:walk_on_water_one_cm":3009,"minecraft:total_world_time":52602,"minecraft:fall_one_cm":22795},"minecraft:broken":{"minecraft:wooden_axe":1,"minecraft:chainmail_helmet":1},"minecraft:killed":{"minecraft:spider":4,"minecraft:sheep":3,"minecraft:skeleton":4,"minecraft:zombie":5,"minecraft:chicken":3},"minecraft:picked_up":{"minecraft:crafting_table":3,"minecraft:feather":3,"minecraft:chicken":3,"minecraft:brown_wool":2,"minecraft:flint":2,"minecraft:oak_log":4,"minecraft:golden_boots":1,"argentinas_delight:choclo":6,"minecraft:dirt":5,"minecraft:string":3,"minecraft:raw_copper":3,"minecraft:leather_boots":1,"minecraft:bone":7,"minecraft:apple":1,"minecraft:spruce_planks":1,"minecraft:egg":4,"minecraft:golden_helmet":1,"minecraft:raw_iron":2,"minecraft:stick":2,"minecraft:spruce_stairs":1,"minecraft:gravel":1,"minecraft:spruce_sapling":2,"tombstone:grave_dust":3,"minecraft:spruce_log":6,"minecraft:spider_eye":1,"minecraft:dark_oak_planks":2,"minecraft:orange_bed":3,"minecraft:bundle":1,"minecraft:arrow":8,"minecraft:rotten_flesh":6,"minecraft:diamond":1,"minecraft:spruce_boat":2,"butcher:butchersguidebook":1,"minecraft:emerald":1,"minecraft:chainmail_helmet":1,"minecraft:oak_sapling":2,"minecraft:mutton":4,"minecraft:coal":14,"minecraft:white_wool":2,"minecraft:cobblestone":53},"minecraft:killed_by":{"minecraft:skeleton":8,"minecraft:spider":1},"minecraft:mined":{"minecraft:dark_oak_planks":2,"minecraft:spruce_planks":1,"minecraft:crafting_table":3,"minecraft:grass_block":3,"minecraft:brown_wool":1,"minecraft:spruce_stairs":1,"argentinas_delight:chocloabajo":2,"minecraft:iron_ore":2,"minecraft:spruce_log":6,"minecraft:oak_log":4,"minecraft:coal_ore":14,"minecraft:gravel":4,"minecraft:dirt":3,"argentinas_delight:choclobrote_5abajo":1,"minecraft:stone":47,"minecraft:oak_leaves":1,"minecraft:orange_bed":3}},"DataVersion":3465}