{"stats":{"minecraft:picked_up":{"minecraft:raw_iron":2,"minecraft:stick":2,"minecraft:crafting_table":2,"minecraft:feather":3,"minecraft:chicken":3,"minecraft:brown_wool":2,"minecraft:gravel":1,"minecraft:flint":2,"minecraft:oak_log":4,"minecraft:spruce_sapling":2,"tombstone:grave_dust":3,"minecraft:spruce_log":6,"minecraft:dirt":5,"minecraft:spider_eye":1,"minecraft:string":3,"minecraft:bundle":1,"minecraft:arrow":4,"minecraft:bone":4,"minecraft:rotten_flesh":3,"butcher:butchersguidebook":1,"minecraft:chainmail_helmet":1,"minecraft:mutton":4,"minecraft:coal":2,"minecraft:white_wool":2,"minecraft:cobblestone":45,"minecraft:egg":3},"minecraft:mined":{"minecraft:iron_ore":2,"minecraft:spruce_log":6,"minecraft:crafting_table":2,"minecraft:coal_ore":2,"minecraft:brown_wool":1,"minecraft:grass_block":3,"minecraft:oak_log":4,"minecraft:gravel":4,"minecraft:dirt":3,"minecraft:stone":45,"minecraft:oak_leaves":1},"minecraft:killed_by":{"minecraft:skeleton":5},"minecraft:crafted":{"minecraft:oak_planks":16,"minecraft:crafting_table":1,"minecraft:spruce_planks":4,"minecraft:stick":8,"minecraft:wooden_pickaxe":1,"minecraft:stone_pickaxe":1,"minecraft:wooden_axe":2,"minecraft:stone_axe":1},"minecraft:custom":{"minecraft:time_since_rest":12119,"minecraft:sprint_one_cm":60730,"minecraft:damage_taken":1540,"minecraft:walk_one_cm":84064,"minecraft:mob_kills":17,"minecraft:drop":2,"minecraft:damage_dealt":1888,"minecraft:interact_with_crafting_table":5,"minecraft:fly_one_cm":113050,"minecraft:open_chest":2,"minecraft:crouch_one_cm":1588,"minecraft:play_time":29033,"tombstone:undead_killed":6,"minecraft:deaths":5,"minecraft:sneak_time":960,"minecraft:jump":637,"minecraft:time_since_death":13110,"minecraft:total_world_time":29033,"minecraft:fall_one_cm":14456},"minecraft:used":{"minecraft:wooden_axe":46,"minecraft:stone_pickaxe":48,"minecraft:brown_wool":1,"minecraft:wooden_pickaxe":3,"minecraft:spruce_sapling":2,"minecraft:rotten_flesh":5,"minecraft:stone_axe":10,"minecraft:dirt":5,"minecraft:crafting_table":2,"tombstone:gift":3,"minecraft:egg":3},"minecraft:dropped":{"butcher:butchersguidebook":2},"minecraft:broken":{"minecraft:wooden_axe":1},"minecraft:killed":{"minecraft:sheep":3,"minecraft:skeleton":2,"minecraft:zombie":4,"minecraft:chicken":3,"minecraft:spider":3}},"DataVersion":3465}