{"stats":{"minecraft:dropped":{"sophisticatedbackpacks:iron_backpack":1,"create:crimsite":1,"minecraft:emerald":5,"minecraft:dirt":41,"minecraft:gold_ingot":33,"minecraft:gravel":7,"minecraft:stone_axe":1,"fight_or_die:rotten_brain":2,"minecraft:obsidian":1,"tombstone:gift":1,"minecraft:rotten_flesh":2,"create:asurine":1,"cgm:assault_rifle":1,"cgm:basic_bullet":94,"minecraft:jungle_stairs":1,"doggytalents:rice_grains":6,"fight_or_die:ripping_flesh":2,"minecraft:enchanted_book":1,"minecraft:iron_ingot":5,"minecraft:wheat_seeds":6,"minecraft:cherry_log":1,"minecraft:poisonous_potato":1,"minecraft:feather":1,"minecraft:cobblestone":10,"minecraft:granite":2,"minecraft:stick":3,"minecraft:ink_sac":4,"minecraft:torch":26,"minecraft:iron_leggings":2,"minecraft:oak_stairs":5,"minecraft:angler_pottery_sherd":4,"minecraft:bucket":1,"minecraft:dandelion":1,"minecraft:redstone":128,"minecraft:raw_copper":72,"minecraft:raw_iron":121,"minecraft:chicken":1,"minecraft:potato":2,"minecraft:sea_pickle":10,"minecraft:iron_chestplate":1,"minecraft:oak_sapling":2,"minecraft:spider_eye":4,"minecraft:spruce_log":64,"minecraft:sandstone":33,"fight_or_die:sickened_heart":1,"minecraft:stone_pickaxe":4,"minecraft:wooden_pickaxe":1},"minecraft:mined":{"argentinas_delight:pescadocrudobloque":2,"create:deepslate_zinc_ore":7,"minecraft:white_bed":2,"minecraft:pink_bed":1,"minecraft:cherry_log":23,"minecraft:granite":20,"argentinas_delight:hojasdemate":1,"minecraft:grass_block":11,"minecraft:jungle_log":2,"minecraft:smooth_stone":1,"minecraft:tall_seagrass":6,"fight_or_die:blood_splash1":2,"minecraft:cobbled_deepslate":4,"minecraft:iron_ore":67,"minecraft:fire":4,"minecraft:pumpkin":1,"minecraft:deepslate_lapis_ore":3,"create:asurine":1,"minecraft:cave_vines":1,"minecraft:dirt_path":8,"minecraft:oak_stairs":7,"create:veridium":1,"minecraft:spruce_slab":11,"minecraft:deepslate_redstone_ore":25,"minecraft:kelp_plant":50,"minecraft:clay":1,"minecraft:torch":8,"minecraft:jungle_stairs":2,"minecraft:cobblestone":38,"minecraft:grindstone":1,"minecraft:sugar_cane":2,"minecraft:oak_planks":48,"minecraft:damaged_anvil":1,"minecraft:wall_torch":18,"minecraft:seagrass":6,"minecraft:birch_log":47,"minecraft:copper_block":4,"minecraft:grass":20,"minecraft:oak_log":458,"minecraft:sand":205,"minecraft:dirt":5,"create:crimsite":1,"minecraft:deepslate":57,"create:zinc_ore":3,"minecraft:tuff":9,"minecraft:deepslate_diamond_ore":1,"argentinas_delight:ramabajamembrillo":1,"minecraft:glow_lichen":4,"minecraft:jungle_planks":1,"minecraft:decorated_pot":1,"create:ochrum":109,"argentinas_delight:mateyerbaseca":2,"minecraft:kelp":3,"minecraft:sandstone":79,"argentinas_delight:espinacamadura":1,"minecraft:furnace":3,"minecraft:andesite":72,"minecraft:bookshelf":2,"minecraft:potatoes":1,"minecraft:deepslate_iron_ore":16,"minecraft:stripped_oak_log":1,"minecraft:wet_sponge":1,"minecraft:stone":195,"minecraft:oak_slab":19,"minecraft:glass_pane":1,"minecraft:dandelion":1,"minecraft:crafting_table":20,"minecraft:tall_grass":5,"minecraft:copper_ore":21,"minecraft:lapis_ore":6,"minecraft:deepslate_gold_ore":26,"minecraft:diorite":93,"minecraft:spruce_log":112,"minecraft:coal_ore":43,"minecraft:gravel":11,"minecraft:cobweb":5,"minecraft:gold_ore":2},"minecraft:killed":{"fight_or_die:springer":13,"minecraft:cave_spider":3,"minecraft:spider":4,"minecraft:cod":4,"minecraft:skeleton":11,"minecraft:chicken":3,"fight_or_die:mutated_fox":2,"minecraft:turtle":1,"minecraft:pig":10,"minecraft:creeper":1,"minecraft:sheep":5,"minecraft:zombie":14,"fight_or_die:mutated_player":3,"fight_or_die:mutated_enderman":2,"mca:male_villager":1,"minecraft:cow":23,"fight_or_die:mutated_human_head":1,"fight_or_die:mutated_pig":1,"fight_or_die:mutated_human":6,"fight_or_die:shiller":9,"minecraft:drowned":2,"minecraft:squid":1,"fight_or_die:mutated_player_head":2,"minecraft:enderman":1},"minecraft:picked_up":{"minecraft:wooden_axe":1,"cgm:basic_bullet":325,"minecraft:oak_stairs":5,"minecraft:enchanted_book":1,"minecraft:string":28,"minecraft:raw_copper":72,"minecraft:iron_leggings":1,"minecraft:sea_pickle":4,"minecraft:cobbled_deepslate":64,"minecraft:smooth_stone":1,"comforts:sleeping_bag_white":12,"argentinas_delight:mateamargoitem":1,"minecraft:furnace":3,"mca:wedding_ring":1,"minecraft:stick":128,"minecraft:torch":46,"minecraft:porkchop":17,"minecraft:dried_kelp":387,"minecraft:cherry_log":20,"minecraft:diorite":33,"tombstone:grave_dust":7,"minecraft:rotten_flesh":13,"create:ochrum":110,"create:asurine":1,"create:veridium":1,"minecraft:obsidian":1,"minecraft:cod":6,"minecraft:cobblestone":262,"minecraft:birch_log":47,"minecraft:feather":2,"minecraft:jungle_log":2,"minecraft:andesite":71,"minecraft:copper_block":68,"minecraft:potato":3,"minecraft:flint":2,"minecraft:tuff":10,"create:raw_zinc":10,"minecraft:lapis_lazuli":50,"minecraft:dirt":58,"minecraft:bone":12,"minecraft:bow":1,"minecraft:wheat_seeds":7,"minecraft:raw_gold":28,"minecraft:grindstone":1,"minecraft:oak_planks":50,"minecraft:cooked_porkchop":10,"minecraft:poisonous_potato":1,"minecraft:jungle_planks":1,"minecraft:sand":113,"minecraft:ink_sac":7,"minecraft:bundle":1,"cgm:pistol":2,"create:crimsite":1,"minecraft:diamond":2,"minecraft:deepslate":1,"minecraft:angler_pottery_sherd":4,"minecraft:granite":18,"minecraft:oak_sapling":148,"minecraft:crafting_table":20,"minecraft:chicken":2,"minecraft:beef":32,"minecraft:oak_boat":5,"minecraft:spruce_slab":8,"minecraft:sugar_cane":9,"minecraft:birch_sapling":12,"minecraft:egg":4,"fight_or_die:ripping_flesh":2,"minecraft:raw_iron":191,"minecraft:sandstone":33,"minecraft:stone":6,"fight_or_die:rotten_brain":2,"minecraft:oak_door":6,"create:copper_backtank":1,"minecraft:carrot":56,"minecraft:redstone":179,"minecraft:arrow":10,"minecraft:stone_shovel":5,"minecraft:jungle_stairs":1,"cgm:assault_rifle":1,"minecraft:gold_ingot":33,"minecraft:mutton":9,"minecraft:white_wool":3,"minecraft:stripped_oak_log":1,"minecraft:air":0,"minecraft:leather":23,"doggytalents:rice_grains":8,"minecraft:oak_log":473,"tombstone:gift":2,"minecraft:apple":22,"minecraft:kelp":374,"minecraft:stone_pickaxe":2,"minecraft:cooked_chicken":4,"minecraft:iron_sword":1,"sophisticatedbackpacks:diamond_backpack":1,"minecraft:book":6,"minecraft:pink_bed":1,"minecraft:oak_slab":27,"minecraft:pumpkin":1,"minecraft:dandelion":1,"minecraft:dripstone_block":2,"minecraft:gravel":11,"minecraft:spruce_sapling":27,"minecraft:white_bed":4,"argentinas_delight:espinacaitem":9,"minecraft:spruce_log":110,"argentinas_delight:mateyerbaseca":3,"minecraft:spider_eye":4,"create:copper_diving_helmet":1,"minecraft:cherry_sapling":9,"minecraft:baked_potato":193,"argentinas_delight:cuernodetoro":13,"minecraft:damaged_anvil":1,"minecraft:coal":65,"minecraft:ender_pearl":1},"minecraft:used":{"minecraft:spruce_slab":175,"minecraft:chest":1,"minecraft:iron_sword":8,"minecraft:iron_chestplate":1,"minecraft:carrot":33,"minecraft:tuff":3,"minecraft:lava_bucket":1,"minecraft:birch_sapling":4,"minecraft:stone_bricks":26,"minecraft:bow":1,"minecraft:furnace":5,"minecraft:oak_sapling":47,"minecraft:egg":4,"minecraft:potato":3,"minecraft:stone_pickaxe":787,"minecraft:oak_planks":287,"minecraft:wooden_pickaxe":3,"minecraft:sugar_cane":6,"minecraft:sand":15,"minecraft:bread":4,"tombstone:grave_key":5,"cgm:assault_rifle":38,"minecraft:gravel":1,"minecraft:andesite":59,"minecraft:oak_boat":6,"minecraft:stone_sword":104,"minecraft:stone_shovel":219,"create:veridium":1,"argentinas_delight:mateyerbaseca":4,"minecraft:oak_door":6,"minecraft:torch":45,"create:ochrum":1,"minecraft:dirt":15,"minecraft:wooden_axe":352,"argentinas_delight:mateamargoitem":1,"minecraft:jungle_log":2,"tombstone:gift":10,"comforts:sleeping_bag_white":12,"minecraft:cooked_beef":10,"minecraft:cobbled_deepslate":46,"minecraft:iron_leggings":1,"minecraft:water_bucket":12,"minecraft:birch_planks":2,"cgm:pistol":162,"minecraft:baked_potato":42,"minecraft:copper_block":45,"minecraft:fletching_table":1,"minecraft:oak_slab":317,"minecraft:crafting_table":24,"minecraft:white_bed":3,"minecraft:oak_log":122,"minecraft:apple":7,"minecraft:iron_pickaxe":141,"minecraft:stone_axe":650,"minecraft:pink_bed":1,"minecraft:cobblestone":131,"minecraft:cooked_porkchop":5,"minecraft:porkchop":3,"minecraft:bucket":13,"minecraft:glass_pane":61,"minecraft:kelp":23},"minecraft:killed_by":{"minecraft:creeper":3,"minecraft:drowned":1,"minecraft:cave_spider":1,"minecraft:zombie":1,"mca:female_villager":1,"fight_or_die:mutated_human":11,"minecraft:player":2,"fight_or_die:mutated_enderman":1,"fight_or_die:springer":1,"fight_or_die:mutated_player":3,"minecraft:skeleton":8},"minecraft:crafted":{"minecraft:oak_planks":468,"minecraft:stone":45,"minecraft:glass":31,"minecraft:bow":1,"minecraft:chest":1,"minecraft:stone_bricks":40,"minecraft:oak_slab":360,"minecraft:emerald":12,"minecraft:cooked_porkchop":2,"minecraft:crafting_table":4,"minecraft:spruce_planks":184,"minecraft:baked_potato":7,"minecraft:wooden_pickaxe":1,"minecraft:spruce_door":3,"minecraft:fletching_table":1,"minecraft:birch_planks":100,"minecraft:iron_chestplate":2,"minecraft:charcoal":4,"minecraft:stick":272,"minecraft:iron_ingot":70,"minecraft:iron_pickaxe":1,"minecraft:stone_sword":1,"minecraft:cherry_planks":4,"minecraft:oak_door":3,"minecraft:furnace":3,"minecraft:glass_pane":80,"minecraft:iron_axe":1,"minecraft:spruce_slab":234,"minecraft:stone_pickaxe":7,"minecraft:cooked_beef":14,"minecraft:bucket":1,"minecraft:stone_axe":6,"minecraft:air":0,"minecraft:oak_boat":2,"minecraft:wooden_axe":4,"minecraft:iron_leggings":2,"minecraft:torch":32},"minecraft:custom":{"minecraft:interact_with_crafting_table":77,"minecraft:open_barrel":6,"minecraft:bell_ring":3,"minecraft:leave_game":12,"minecraft:time_since_death":4035,"minecraft:sprint_one_cm":1574238,"minecraft:drop":113,"minecraft:talked_to_villager":13,"minecraft:play_time":572868,"minecraft:deaths":36,"minecraft:jump":6706,"minecraft:walk_on_water_one_cm":157267,"minecraft:interact_with_furnace":88,"minecraft:traded_with_villager":12,"minecraft:sleep_in_bed":20,"minecraft:damage_dealt":12469,"minecraft:player_kills":1,"minecraft:crouch_one_cm":41078,"tombstone:undead_killed":27,"tombstone:villager_killed":1,"minecraft:use_cauldron":1,"minecraft:horse_one_cm":359235,"minecraft:interact_with_smithing_table":1,"minecraft:mob_kills":126,"minecraft:interact_with_campfire":351,"minecraft:climb_one_cm":8429,"minecraft:walk_one_cm":1441219,"minecraft:sneak_time":17392,"minecraft:walk_under_water_one_cm":129575,"minecraft:boat_one_cm":369365,"minecraft:interact_with_blast_furnace":1,"minecraft:total_world_time":572868,"minecraft:interact_with_grindstone":1,"minecraft:time_since_rest":3435,"minecraft:damage_taken":11782,"minecraft:swim_one_cm":234371,"minecraft:fly_one_cm":1502349,"minecraft:open_chest":64,"minecraft:pig_one_cm":281244,"minecraft:fall_one_cm":123405},"minecraft:broken":{"minecraft:stone_pickaxe":4,"minecraft:stone_axe":4,"minecraft:wooden_axe":5,"minecraft:stone_shovel":1,"create:copper_diving_helmet":1,"minecraft:leather_boots":1}},"DataVersion":3465}