{"stats":{"minecraft:killed_by":{"minecraft:player":1,"minecraft:skeleton":8,"minecraft:spider":1,"minecraft:zombie":1},"minecraft:mined":{"minecraft:dark_oak_planks":2,"minecraft:spruce_planks":1,"minecraft:crafting_table":4,"minecraft:emerald_ore":1,"minecraft:grass_block":6,"minecraft:brown_wool":1,"minecraft:copper_ore":1,"minecraft:cobblestone":3,"minecraft:spruce_stairs":1,"minecraft:iron_ore":10,"minecraft:spruce_log":6,"minecraft:andesite":4,"minecraft:grass":2,"minecraft:coal_ore":20,"minecraft:oak_log":4,"minecraft:gravel":4,"minecraft:dirt":5,"minecraft:stone":47,"minecraft:oak_leaves":1,"minecraft:orange_bed":3},"minecraft:dropped":{"minecraft:golden_boots":2,"minecraft:iron_ingot":2,"minecraft:iron_sword":1,"minecraft:golden_helmet":2,"minecraft:iron_nugget":30,"minecraft:cooked_beef":1,"minecraft:diamond":1,"minecraft:feather":4,"minecraft:rotten_flesh":1,"sophisticatedbackpacks:backpack":1,"minecraft:emerald":1,"butcher:butchersguidebook":2,"minecraft:dirt":3,"minecraft:andesite":28,"minecraft:wooden_axe":1,"minecraft:leather_boots":1,"minecraft:oak_sapling":2,"minecraft:wooden_pickaxe":1},"minecraft:crafted":{"minecraft:oak_planks":16,"minecraft:crafting_table":1,"minecraft:spruce_planks":16,"comforts:sleeping_bag_white":1,"minecraft:wooden_pickaxe":1,"minecraft:spruce_door":3,"minecraft:stone_axe":1,"minecraft:bow":1,"minecraft:diamond_pickaxe":1,"minecraft:stick":12,"minecraft:stone_pickaxe":1,"minecraft:wooden_axe":2,"minecraft:spruce_boat":1},"minecraft:used":{"minecraft:water_bucket":3,"minecraft:spruce_door":4,"minecraft:stone_pickaxe":84,"minecraft:wooden_pickaxe":3,"minecraft:iron_sword":16,"minecraft:rotten_flesh":10,"minecraft:orange_bed":2,"minecraft:dirt":8,"minecraft:crafting_table":4,"minecraft:spruce_boat":4,"minecraft:wooden_axe":46,"minecraft:diamond_pickaxe":1,"butcher:cow_headf":1,"minecraft:brown_wool":1,"minecraft:spruce_sapling":2,"minecraft:stone_axe":45,"minecraft:bow":5,"minecraft:cobblestone":48,"minecraft:bucket":4,"tombstone:gift":5,"minecraft:egg":4,"minecraft:cooked_beef":6},"minecraft:killed":{"minecraft:spider":4,"minecraft:creeper":1,"minecraft:sheep":3,"minecraft:skeleton":8,"minecraft:zombie":7,"minecraft:chicken":3},"minecraft:broken":{"minecraft:wooden_axe":1,"minecraft:chainmail_helmet":1},"minecraft:custom":{"minecraft:interact_with_furnace":3,"minecraft:mob_kills":28,"minecraft:interact_with_crafting_table":14,"minecraft:bell_ring":1,"minecraft:leave_game":2,"minecraft:time_since_death":7388,"minecraft:sleep_in_bed":3,"minecraft:climb_one_cm":110,"minecraft:time_since_rest":7213,"minecraft:sprint_one_cm":168156,"minecraft:damage_taken":3212,"minecraft:walk_one_cm":265254,"minecraft:drop":84,"minecraft:damage_dealt":3800,"minecraft:swim_one_cm":20255,"minecraft:fly_one_cm":232217,"minecraft:talked_to_villager":3,"minecraft:open_chest":35,"minecraft:crouch_one_cm":2358,"minecraft:play_time":114502,"tombstone:undead_killed":15,"minecraft:deaths":12,"minecraft:sneak_time":1480,"minecraft:walk_under_water_one_cm":8891,"minecraft:boat_one_cm":168487,"minecraft:jump":1588,"minecraft:walk_on_water_one_cm":4274,"minecraft:interact_with_smoker":1,"minecraft:total_world_time":114502,"minecraft:fall_one_cm":32902},"minecraft:picked_up":{"minecraft:crafting_table":4,"create:iron_sheet":1,"butcher:villager_meat":2,"minecraft:feather":4,"minecraft:cooked_beef":6,"minecraft:chicken":3,"minecraft:andesite":5,"minecraft:brown_wool":2,"butcher:villager_head":2,"minecraft:potato":10,"minecraft:flint":2,"minecraft:oak_log":4,"minecraft:golden_boots":3,"minecraft:gunpowder":2,"minecraft:string":3,"minecraft:dirt":14,"minecraft:raw_copper":8,"minecraft:leather_boots":1,"minecraft:bone":10,"minecraft:apple":1,"minecraft:spruce_planks":1,"minecraft:iron_ingot":1,"minecraft:iron_nugget":1,"minecraft:iron_sword":1,"butcher:cow_headf":1,"minecraft:egg":4,"minecraft:golden_helmet":3,"minecraft:stick":2,"minecraft:raw_iron":10,"sophisticatedbackpacks:backpack":1,"minecraft:spruce_stairs":1,"minecraft:gravel":1,"minecraft:spruce_sapling":2,"tombstone:grave_dust":5,"minecraft:spruce_log":6,"minecraft:spruce_door":2,"minecraft:spider_eye":1,"butcher:cowhoof":1,"minecraft:dark_oak_planks":2,"minecraft:bundle":1,"minecraft:orange_bed":3,"minecraft:arrow":12,"minecraft:rotten_flesh":7,"minecraft:diamond":1,"minecraft:spruce_boat":3,"butcher:butchersguidebook":1,"minecraft:chainmail_helmet":1,"minecraft:emerald":2,"minecraft:oak_sapling":2,"minecraft:mutton":4,"minecraft:coal":20,"minecraft:white_wool":2,"minecraft:cobblestone":59}},"DataVersion":3465}