{"stats":{"minecraft:picked_up":{"minecraft:feather":2,"minecraft:chicken":2,"minecraft:brown_wool":1,"minecraft:oak_log":4,"minecraft:spider_eye":1,"minecraft:string":3,"minecraft:bone":1,"minecraft:mutton":4,"minecraft:arrow":2,"minecraft:white_wool":2,"minecraft:egg":2},"minecraft:mined":{"minecraft:oak_log":4,"minecraft:oak_leaves":1},"minecraft:crafted":{"minecraft:oak_planks":16,"minecraft:crafting_table":1,"minecraft:stick":8,"minecraft:wooden_axe":1},"minecraft:killed_by":{"minecraft:skeleton":5},"minecraft:custom":{"tombstone:undead_killed":1,"minecraft:time_since_rest":119,"minecraft:deaths":5,"minecraft:crouch_one_cm":267,"minecraft:play_time":17033,"minecraft:sprint_one_cm":35717,"minecraft:damage_taken":1285,"minecraft:walk_one_cm":44499,"minecraft:sneak_time":152,"minecraft:mob_kills":10,"minecraft:jump":407,"minecraft:damage_dealt":1274,"minecraft:time_since_death":1110,"minecraft:total_world_time":17033,"minecraft:open_chest":2,"minecraft:interact_with_crafting_table":1,"minecraft:fall_one_cm":6949,"minecraft:fly_one_cm":67771},"minecraft:used":{"minecraft:wooden_axe":30,"minecraft:crafting_table":1,"minecraft:egg":2},"minecraft:broken":{"minecraft:wooden_axe":1},"minecraft:killed":{"minecraft:skeleton":1,"minecraft:spider":3,"minecraft:sheep":3,"minecraft:chicken":2}},"DataVersion":3465}