{"stats":{"minecraft:killed_by":{"minecraft:creeper":1,"minecraft:spider":1,"minecraft:drowned":1,"minecraft:skeleton":1},"minecraft:mined":{"minecraft:oak_sapling":1,"minecraft:mossy_cobblestone":2,"minecraft:oak_door":3,"create:andesite_casing":2,"minecraft:grass_block":4,"minecraft:kelp":1,"minecraft:magma_block":10,"minecraft:redstone_ore":8,"minecraft:iron_ore":23,"minecraft:andesite":47,"minecraft:deepslate_iron_ore":6,"minecraft:stone":328,"minecraft:deepslate_redstone_ore":4,"minecraft:kelp_plant":5,"minecraft:smoker":1,"minecraft:dandelion":1,"minecraft:crafting_table":1,"minecraft:emerald_ore":1,"minecraft:tall_grass":3,"minecraft:copper_ore":1,"minecraft:cobblestone":9,"minecraft:deepslate_gold_ore":24,"minecraft:sugar_cane":5,"minecraft:deepslate_copper_ore":6,"minecraft:birch_log":6,"minecraft:spruce_log":7,"minecraft:grass":11,"minecraft:oak_log":93,"minecraft:coal_ore":74,"create:hand_crank":1,"minecraft:gravel":2,"minecraft:sand":7,"minecraft:dirt":4,"minecraft:gold_ore":1,"minecraft:deepslate":1},"minecraft:dropped":{"minecraft:iron_ingot":5,"minecraft:wheat_seeds":5,"minecraft:cooked_beef":3,"minecraft:cobblestone":111,"minecraft:apple":2,"minecraft:copper_ingot":2,"minecraft:yellow_dye":1,"tombstone:grave_key":2,"butcher:raw_pork_leg":1,"create:goggles":2,"minecraft:sand":3,"minecraft:bucket":2,"minecraft:dandelion":1,"minecraft:bone":2,"butcher:raw_tbone_steak":1,"minecraft:potato":10,"mca:rose_gold_ingot":5,"minecraft:andesite":8,"create:wrench":1,"comforts:sleeping_bag_white":3},"minecraft:crafted":{"minecraft:oak_door":15,"minecraft:oak_planks":68,"create:wrench":1,"minecraft:iron_nugget":45,"comforts:sleeping_bag_white":1,"butcher:sirloin_steak":1,"minecraft:furnace":1,"minecraft:lever":1,"create:vertical_gearbox":3,"minecraft:glass":4,"create:andesite_funnel":4,"create:mechanical_press":1,"create:millstone":2,"minecraft:stone_pickaxe":2,"create:fluid_tank":4,"minecraft:copper_block":1,"create:cogwheel":23,"create:belt_connector":1,"create:depot":1,"create:andesite_alloy":5,"create:hand_crank":1,"minecraft:crafting_table":7,"minecraft:spruce_planks":28,"create:fluid_pipe":4,"minecraft:wooden_pickaxe":1,"create:goggles":1,"minecraft:copper_ingot":14,"minecraft:bucket":2,"create:gearshift":1,"minecraft:campfire":4,"minecraft:stone_axe":3,"minecraft:air":0,"create:gearbox":3,"create:encased_fan":1,"create:andesite_tunnel":2,"mca:rose_gold_ingot":8,"minecraft:yellow_dye":1,"mca:rose_gold_dust":8,"minecraft:stick":12,"create:mechanical_pump":1,"minecraft:iron_ingot":29,"minecraft:iron_pickaxe":1,"minecraft:iron_block":1,"create:large_cogwheel":3,"create:propeller":1,"create:shaft":48,"minecraft:torch":40,"minecraft:polished_andesite":4},"minecraft:used":{"minecraft:chest":2,"minecraft:iron_sword":17,"minecraft:rotten_flesh":4,"minecraft:orange_bed":4,"minecraft:oak_door":15,"minecraft:torch":27,"create:fluid_tank":4,"minecraft:dirt":5,"create:mechanical_pump":2,"minecraft:mutton":1,"create:mechanical_mixer":4,"create:cogwheel":12,"create:depot":1,"create:wrench":40,"minecraft:birch_sapling":2,"create:millstone":2,"minecraft:barrel":4,"create:andesite_funnel":5,"create:shaft":14,"create:steam_engine":2,"minecraft:oak_sapling":46,"minecraft:furnace":1,"create:fluid_pipe":2,"tombstone:gift":1,"minecraft:egg":1,"comforts:sleeping_bag_white":1,"minecraft:cooked_beef":3,"create:belt_connector":2,"create:gearshift":1,"minecraft:cooked_mutton":3,"minecraft:water_bucket":13,"minecraft:stone_pickaxe":262,"minecraft:polished_andesite":2,"minecraft:oak_planks":1,"minecraft:wooden_pickaxe":59,"minecraft:sugar_cane":14,"minecraft:white_wool":2,"minecraft:mossy_cobblestone":2,"create:encased_fan":1,"minecraft:crafting_table":8,"minecraft:campfire":4,"butcher:villager_head":2,"minecraft:smoker":1,"minecraft:oak_log":8,"minecraft:lever":1,"minecraft:apple":5,"create:mechanical_press":2,"minecraft:bread":4,"minecraft:iron_pickaxe":227,"minecraft:spruce_sapling":3,"minecraft:stone_axe":144,"create:basin":5,"minecraft:cobblestone":15,"minecraft:birch_log":1,"minecraft:bucket":13,"create:hand_crank":6,"create:vertical_gearbox":3,"minecraft:kelp":73,"minecraft:bone_meal":2,"create:large_cogwheel":4},"minecraft:killed":{"minecraft:spider":1,"minecraft:skeleton":3,"minecraft:sheep":3,"minecraft:zombie":7},"minecraft:broken":{"minecraft:wooden_pickaxe":1,"minecraft:stone_pickaxe":2,"minecraft:stone_axe":1},"minecraft:custom":{"minecraft:mob_kills":14,"minecraft:interact_with_crafting_table":49,"minecraft:open_barrel":4,"minecraft:fill_cauldron":2,"minecraft:interact_with_campfire":47,"minecraft:leave_game":12,"minecraft:time_since_death":13243,"minecraft:climb_one_cm":1261,"minecraft:sprint_one_cm":250991,"minecraft:walk_one_cm":609272,"minecraft:drop":47,"minecraft:play_time":195050,"minecraft:deaths":5,"minecraft:sneak_time":3389,"minecraft:walk_under_water_one_cm":66377,"minecraft:jump":1935,"minecraft:walk_on_water_one_cm":43545,"minecraft:total_world_time":195050,"minecraft:interact_with_furnace":50,"minecraft:sleep_in_bed":8,"minecraft:time_since_rest":13027,"minecraft:damage_taken":1995,"minecraft:damage_dealt":1657,"minecraft:swim_one_cm":152559,"minecraft:fly_one_cm":197009,"minecraft:player_kills":1,"minecraft:open_chest":111,"minecraft:crouch_one_cm":5674,"tombstone:undead_killed":10,"minecraft:interact_with_smoker":5,"minecraft:use_cauldron":1,"minecraft:fall_one_cm":46998},"minecraft:picked_up":{"create:copper_sheet":2,"minecraft:crafting_table":1,"tombstone:grave_key":1,"butcher:raw_sirloin_steak":1,"minecraft:string":2,"minecraft:raw_copper":28,"minecraft:cobbled_deepslate":1,"comforts:sleeping_bag_white":2,"minecraft:sugar_cane":14,"minecraft:chest":2,"minecraft:birch_sapling":2,"minecraft:egg":1,"minecraft:stick":22,"minecraft:raw_iron":29,"minecraft:oak_door":6,"create:golden_sheet":5,"create:andesite_casing":2,"minecraft:dried_kelp":16,"create:hand_crank":1,"butcher:raw_pork_leg":1,"minecraft:redstone":54,"minecraft:orange_bed":4,"minecraft:rotten_flesh":9,"minecraft:arrow":2,"minecraft:mutton":32,"minecraft:white_wool":28,"minecraft:cobblestone":345,"minecraft:birch_log":6,"create:iron_sheet":5,"minecraft:magma_block":5,"minecraft:cooked_beef":6,"minecraft:andesite":45,"butcher:villager_head":2,"minecraft:smoker":1,"minecraft:oak_log":93,"minecraft:dirt":8,"minecraft:cooked_mutton":17,"minecraft:bone":2,"minecraft:apple":4,"minecraft:kelp":113,"minecraft:wheat_seeds":6,"butcher:raw_tbone_steak":1,"minecraft:raw_gold":25,"create:goggles":2,"butcher:raw_chuck_steak":1,"minecraft:iron_sword":3,"minecraft:oak_planks":1,"minecraft:dandelion":1,"minecraft:lava_bucket":1,"minecraft:gravel":39,"minecraft:sand":7,"minecraft:spruce_sapling":3,"minecraft:spruce_log":7,"minecraft:mossy_cobblestone":2,"minecraft:lever":1,"minecraft:gray_wool":1,"minecraft:emerald":1,"minecraft:oak_sapling":46,"minecraft:black_wool":1,"minecraft:coal":74}},"DataVersion":3465}