{"stats":{"minecraft:dropped":{"tombstone:grave_key":2,"minecraft:sand":3},"minecraft:crafted":{"minecraft:oak_planks":8,"minecraft:crafting_table":3,"minecraft:spruce_planks":28,"minecraft:stick":12,"comforts:sleeping_bag_white":1,"minecraft:wooden_pickaxe":1,"minecraft:stone_pickaxe":2,"minecraft:stone_axe":3},"minecraft:used":{"minecraft:stone_pickaxe":46,"minecraft:wooden_pickaxe":59,"minecraft:sugar_cane":10,"minecraft:spruce_sapling":3,"minecraft:stone_axe":36,"minecraft:dirt":1,"minecraft:crafting_table":3,"minecraft:oak_sapling":3,"tombstone:gift":1,"comforts:sleeping_bag_white":1},"minecraft:custom":{"minecraft:time_since_rest":3366,"minecraft:sprint_one_cm":70190,"minecraft:damage_taken":935,"minecraft:walk_one_cm":60425,"minecraft:mob_kills":5,"minecraft:drop":5,"minecraft:damage_dealt":458,"minecraft:swim_one_cm":51712,"minecraft:interact_with_crafting_table":5,"minecraft:fly_one_cm":57707,"minecraft:open_chest":1,"minecraft:play_time":40955,"minecraft:crouch_one_cm":161,"tombstone:undead_killed":1,"minecraft:deaths":3,"minecraft:sneak_time":266,"minecraft:walk_under_water_one_cm":12890,"minecraft:jump":290,"minecraft:leave_game":1,"minecraft:time_since_death":3699,"minecraft:walk_on_water_one_cm":13733,"minecraft:sleep_in_bed":1,"minecraft:total_world_time":40955,"minecraft:fall_one_cm":8363},"minecraft:broken":{"minecraft:wooden_pickaxe":1},"minecraft:killed":{"minecraft:sheep":3,"minecraft:zombie":1,"minecraft:spider":1},"minecraft:picked_up":{"minecraft:stick":6,"minecraft:magma_block":5,"minecraft:smoker":1,"minecraft:sand":3,"minecraft:oak_log":27,"tombstone:grave_key":1,"minecraft:spruce_sapling":3,"minecraft:spruce_log":7,"minecraft:dirt":4,"minecraft:string":2,"minecraft:apple":1,"comforts:sleeping_bag_white":1,"minecraft:oak_sapling":15,"minecraft:sugar_cane":10,"minecraft:mutton":4,"minecraft:coal":67,"minecraft:white_wool":3,"minecraft:cobblestone":27},"minecraft:killed_by":{"minecraft:drowned":1,"minecraft:creeper":1,"minecraft:spider":1},"minecraft:mined":{"minecraft:magma_block":10,"minecraft:smoker":1,"minecraft:spruce_log":7,"minecraft:grass":2,"minecraft:oak_log":27,"minecraft:grass_block":2,"minecraft:coal_ore":67,"minecraft:sand":3,"minecraft:dirt":2,"minecraft:tall_grass":2,"minecraft:stone":27,"minecraft:sugar_cane":4}},"DataVersion":3465}