{"stats":{"minecraft:dropped":{"minecraft:wheat_seeds":2,"tombstone:grave_key":2,"minecraft:sand":3},"minecraft:crafted":{"minecraft:oak_planks":8,"minecraft:crafting_table":4,"minecraft:spruce_planks":28,"minecraft:stick":12,"comforts:sleeping_bag_white":1,"minecraft:wooden_pickaxe":1,"minecraft:stone_pickaxe":2,"minecraft:stone_axe":3},"minecraft:used":{"minecraft:stone_pickaxe":72,"minecraft:wooden_pickaxe":59,"minecraft:sugar_cane":14,"minecraft:spruce_sapling":3,"minecraft:stone_axe":123,"minecraft:dirt":1,"minecraft:cobblestone":1,"minecraft:crafting_table":3,"minecraft:oak_sapling":3,"tombstone:gift":1,"comforts:sleeping_bag_white":1},"minecraft:custom":{"minecraft:time_since_rest":15366,"minecraft:sprint_one_cm":86938,"minecraft:damage_taken":935,"minecraft:walk_one_cm":147349,"minecraft:mob_kills":5,"minecraft:drop":7,"minecraft:damage_dealt":458,"minecraft:swim_one_cm":51712,"minecraft:interact_with_crafting_table":5,"minecraft:fly_one_cm":70403,"minecraft:open_chest":4,"minecraft:play_time":52955,"minecraft:crouch_one_cm":356,"tombstone:undead_killed":1,"minecraft:deaths":3,"minecraft:sneak_time":300,"minecraft:walk_under_water_one_cm":12890,"minecraft:jump":522,"minecraft:leave_game":1,"minecraft:time_since_death":15699,"minecraft:walk_on_water_one_cm":16817,"minecraft:sleep_in_bed":1,"minecraft:climb_one_cm":1261,"minecraft:total_world_time":52955,"minecraft:fall_one_cm":12431},"minecraft:broken":{"minecraft:wooden_pickaxe":1},"minecraft:killed":{"minecraft:sheep":3,"minecraft:zombie":1,"minecraft:spider":1},"minecraft:picked_up":{"minecraft:birch_log":6,"minecraft:raw_iron":15,"minecraft:stick":22,"minecraft:magma_block":5,"minecraft:andesite":11,"minecraft:smoker":1,"minecraft:sand":3,"minecraft:oak_log":93,"tombstone:grave_key":1,"minecraft:spruce_sapling":3,"minecraft:spruce_log":7,"minecraft:dirt":4,"minecraft:string":2,"minecraft:apple":4,"minecraft:wheat_seeds":3,"comforts:sleeping_bag_white":1,"minecraft:oak_sapling":45,"minecraft:sugar_cane":14,"minecraft:birch_sapling":2,"minecraft:mutton":4,"minecraft:coal":67,"minecraft:white_wool":3,"minecraft:cobblestone":27},"minecraft:killed_by":{"minecraft:drowned":1,"minecraft:creeper":1,"minecraft:spider":1},"minecraft:mined":{"minecraft:magma_block":10,"minecraft:birch_log":6,"minecraft:iron_ore":15,"minecraft:smoker":1,"minecraft:spruce_log":7,"minecraft:andesite":11,"minecraft:grass":3,"minecraft:oak_log":93,"minecraft:grass_block":2,"minecraft:coal_ore":67,"minecraft:sand":3,"minecraft:dirt":2,"minecraft:tall_grass":2,"minecraft:stone":27,"minecraft:sugar_cane":5}},"DataVersion":3465}