{"stats":{"minecraft:picked_up":{"minecraft:string":2,"minecraft:dirt":4},"minecraft:mined":{"minecraft:grass_block":2,"minecraft:dirt":2},"minecraft:killed_by":{"minecraft:creeper":1},"minecraft:custom":{"minecraft:time_since_rest":6261,"minecraft:damage_dealt":49,"minecraft:deaths":1,"tombstone:undead_killed":1,"minecraft:play_time":15835,"minecraft:damage_taken":370,"minecraft:time_since_death":0,"minecraft:walk_one_cm":591,"minecraft:total_world_time":15835,"minecraft:mob_kills":1,"minecraft:fly_one_cm":120,"minecraft:jump":4},"minecraft:used":{"minecraft:dirt":1},"minecraft:killed":{"minecraft:zombie":1}},"DataVersion":3465}