{"stats":{"minecraft:dropped":{"minecraft:iron_ingot":5,"minecraft:wheat_seeds":3,"minecraft:apple":2,"minecraft:potato":10,"tombstone:grave_key":2,"minecraft:sand":3},"minecraft:broken":{"minecraft:wooden_pickaxe":1},"minecraft:used":{"minecraft:water_bucket":1,"minecraft:stone_pickaxe":138,"minecraft:oak_planks":1,"minecraft:wooden_pickaxe":59,"minecraft:iron_sword":16,"minecraft:sugar_cane":14,"minecraft:rotten_flesh":4,"minecraft:oak_door":15,"minecraft:orange_bed":2,"minecraft:torch":14,"minecraft:dirt":1,"minecraft:crafting_table":7,"minecraft:smoker":1,"minecraft:oak_log":2,"minecraft:apple":5,"create:mechanical_press":1,"minecraft:bread":4,"minecraft:birch_sapling":2,"minecraft:iron_pickaxe":39,"minecraft:spruce_sapling":3,"minecraft:stone_axe":131,"minecraft:cobblestone":2,"minecraft:furnace":1,"minecraft:oak_sapling":46,"minecraft:bucket":2,"tombstone:gift":1,"comforts:sleeping_bag_white":1,"create:hand_crank":1},"minecraft:killed":{"minecraft:spider":1,"minecraft:skeleton":1,"minecraft:sheep":3,"minecraft:zombie":7},"minecraft:custom":{"minecraft:interact_with_furnace":24,"minecraft:mob_kills":12,"minecraft:interact_with_crafting_table":16,"minecraft:leave_game":1,"minecraft:time_since_death":49994,"minecraft:sleep_in_bed":3,"minecraft:climb_one_cm":1261,"minecraft:time_since_rest":14520,"minecraft:sprint_one_cm":131662,"minecraft:damage_taken":1198,"minecraft:walk_one_cm":266363,"minecraft:drop":12,"minecraft:damage_dealt":1219,"minecraft:swim_one_cm":146310,"minecraft:fly_one_cm":102129,"minecraft:open_chest":18,"minecraft:crouch_one_cm":2071,"minecraft:play_time":87250,"tombstone:undead_killed":8,"minecraft:deaths":3,"minecraft:sneak_time":1423,"minecraft:walk_under_water_one_cm":37572,"minecraft:jump":1013,"minecraft:walk_on_water_one_cm":20948,"minecraft:interact_with_smoker":4,"minecraft:total_world_time":87250,"minecraft:fall_one_cm":22877},"minecraft:killed_by":{"minecraft:creeper":1,"minecraft:spider":1,"minecraft:drowned":1},"minecraft:picked_up":{"minecraft:birch_log":6,"create:iron_sheet":5,"minecraft:crafting_table":1,"minecraft:magma_block":5,"minecraft:cooked_beef":6,"minecraft:andesite":41,"minecraft:smoker":1,"tombstone:grave_key":1,"minecraft:oak_log":93,"minecraft:dirt":4,"minecraft:string":2,"minecraft:raw_copper":28,"minecraft:bone":1,"minecraft:apple":4,"minecraft:wheat_seeds":4,"minecraft:cobbled_deepslate":1,"minecraft:raw_gold":25,"comforts:sleeping_bag_white":1,"minecraft:sugar_cane":14,"minecraft:oak_planks":1,"minecraft:birch_sapling":2,"minecraft:iron_sword":3,"minecraft:stick":22,"minecraft:raw_iron":29,"minecraft:oak_door":6,"create:andesite_casing":2,"minecraft:sand":3,"minecraft:spruce_sapling":3,"minecraft:spruce_log":7,"minecraft:redstone":54,"minecraft:orange_bed":2,"minecraft:arrow":1,"minecraft:rotten_flesh":9,"minecraft:oak_sapling":46,"minecraft:mutton":4,"minecraft:coal":74,"minecraft:white_wool":3,"minecraft:cobblestone":37},"minecraft:mined":{"minecraft:deepslate_redstone_ore":4,"minecraft:oak_sapling":1,"minecraft:oak_door":3,"minecraft:smoker":1,"create:andesite_casing":2,"minecraft:crafting_table":1,"minecraft:grass_block":2,"minecraft:tall_grass":2,"minecraft:copper_ore":1,"minecraft:cobblestone":2,"minecraft:deepslate_gold_ore":24,"minecraft:sugar_cane":5,"minecraft:deepslate_copper_ore":6,"minecraft:redstone_ore":8,"minecraft:magma_block":10,"minecraft:birch_log":6,"minecraft:iron_ore":23,"minecraft:spruce_log":7,"minecraft:andesite":43,"minecraft:grass":3,"minecraft:oak_log":93,"minecraft:coal_ore":74,"minecraft:deepslate_iron_ore":6,"minecraft:sand":3,"minecraft:dirt":2,"minecraft:stone":30,"minecraft:gold_ore":1,"minecraft:deepslate":1},"minecraft:crafted":{"minecraft:oak_door":15,"minecraft:oak_planks":44,"create:andesite_alloy":5,"create:hand_crank":1,"minecraft:iron_nugget":45,"minecraft:crafting_table":6,"minecraft:spruce_planks":28,"comforts:sleeping_bag_white":1,"minecraft:wooden_pickaxe":1,"minecraft:furnace":1,"minecraft:bucket":1,"minecraft:stone_axe":3,"minecraft:air":0,"create:mechanical_press":1,"minecraft:stick":12,"minecraft:iron_ingot":29,"minecraft:iron_pickaxe":1,"minecraft:stone_pickaxe":2,"minecraft:iron_block":1,"create:shaft":8,"minecraft:torch":40,"create:cogwheel":1}},"DataVersion":3465}