{"stats":{"minecraft:used":{"cgm:stun_grenade":2,"cgm:assault_rifle":332,"minecraft:stone_brick_wall":2,"cgm:mini_gun":354,"cgm:heavy_rifle":3},"minecraft:crafted":{"minecraft:blue_dye":1},"minecraft:picked_up":{"minecraft:stone_brick_wall":2,"minecraft:grass_block":1,"minecraft:cornflower":1,"minecraft:beef":1,"minecraft:poppy":1,"minecraft:mutton":2,"minecraft:white_wool":2},"minecraft:custom":{"minecraft:time_since_rest":1467,"minecraft:sprint_one_cm":43318,"minecraft:walk_one_cm":22681,"minecraft:mob_kills":56,"tombstone:raider_killed":1,"minecraft:damage_dealt_absorbed":277,"minecraft:fly_one_cm":159842,"minecraft:target_hit":1,"minecraft:open_chest":3,"minecraft:crouch_one_cm":691,"minecraft:play_time":14152,"tombstone:undead_killed":29,"minecraft:deaths":1,"minecraft:sneak_time":897,"minecraft:walk_under_water_one_cm":2218,"minecraft:jump":87,"tombstone:villager_killed":1,"minecraft:damage_dealt_resisted":306,"minecraft:leave_game":1,"minecraft:walk_on_water_one_cm":854,"minecraft:time_since_death":2301,"minecraft:climb_one_cm":172,"minecraft:total_world_time":14152,"minecraft:fall_one_cm":4146},"minecraft:mined":{"minecraft:cornflower":1,"minecraft:tall_grass":1},"minecraft:killed":{"minecraft:sheep":4,"minecraft:horse":2,"minecraft:skeleton":11,"minecraft:zombie":16,"minecraft:pig":5,"minecraft:witch":1,"minecraft:chicken":1,"minecraft:spider":3,"mca:female_villager":1,"minecraft:skeleton_horse":1,"minecraft:zombie_horse":1,"minecraft:creeper":8,"minecraft:enderman":1,"minecraft:cow":1}},"DataVersion":3465}