{"stats":{"minecraft:killed_by":{"minecraft:creeper":1,"minecraft:spider":1,"minecraft:drowned":1,"minecraft:skeleton":1},"minecraft:mined":{"minecraft:oak_sapling":1,"minecraft:oak_door":3,"create:andesite_casing":2,"minecraft:grass_block":2,"minecraft:magma_block":10,"minecraft:redstone_ore":8,"minecraft:iron_ore":23,"minecraft:andesite":43,"minecraft:deepslate_iron_ore":6,"minecraft:stone":175,"minecraft:deepslate_redstone_ore":4,"minecraft:smoker":1,"minecraft:dandelion":1,"minecraft:crafting_table":1,"minecraft:emerald_ore":1,"minecraft:tall_grass":3,"minecraft:copper_ore":1,"minecraft:cobblestone":5,"minecraft:deepslate_gold_ore":24,"minecraft:sugar_cane":5,"minecraft:deepslate_copper_ore":6,"minecraft:birch_log":6,"minecraft:spruce_log":7,"minecraft:grass":9,"minecraft:oak_log":93,"minecraft:coal_ore":74,"create:hand_crank":1,"minecraft:sand":7,"minecraft:dirt":2,"minecraft:gold_ore":1,"minecraft:deepslate":1},"minecraft:dropped":{"minecraft:iron_ingot":5,"minecraft:wheat_seeds":3,"minecraft:cooked_beef":3,"minecraft:cobblestone":65,"minecraft:apple":2,"minecraft:copper_ingot":2,"minecraft:yellow_dye":1,"tombstone:grave_key":2,"minecraft:sand":3,"create:goggles":1,"minecraft:dandelion":1,"minecraft:bone":2,"butcher:raw_tbone_steak":1,"minecraft:potato":10,"mca:rose_gold_ingot":5,"create:wrench":1,"comforts:sleeping_bag_white":3},"minecraft:crafted":{"minecraft:oak_door":15,"minecraft:oak_planks":52,"create:wrench":1,"minecraft:iron_nugget":45,"comforts:sleeping_bag_white":1,"butcher:sirloin_steak":1,"minecraft:furnace":1,"create:vertical_gearbox":1,"minecraft:glass":4,"create:mechanical_press":1,"minecraft:stone_pickaxe":2,"create:fluid_tank":4,"minecraft:copper_block":1,"create:cogwheel":11,"create:andesite_alloy":5,"create:hand_crank":1,"minecraft:crafting_table":6,"minecraft:spruce_planks":28,"create:fluid_pipe":4,"minecraft:wooden_pickaxe":1,"create:goggles":1,"minecraft:copper_ingot":14,"minecraft:bucket":2,"minecraft:campfire":4,"minecraft:stone_axe":3,"minecraft:air":0,"create:gearbox":1,"mca:rose_gold_ingot":8,"minecraft:yellow_dye":1,"mca:rose_gold_dust":8,"minecraft:stick":12,"create:mechanical_pump":1,"minecraft:iron_ingot":29,"minecraft:iron_pickaxe":1,"minecraft:iron_block":1,"create:large_cogwheel":3,"create:shaft":32,"minecraft:torch":40},"minecraft:used":{"minecraft:iron_sword":17,"minecraft:rotten_flesh":4,"minecraft:oak_door":15,"minecraft:orange_bed":4,"minecraft:torch":17,"create:fluid_tank":4,"create:mechanical_pump":2,"minecraft:dirt":1,"minecraft:mutton":1,"create:mechanical_mixer":2,"create:cogwheel":3,"create:wrench":28,"minecraft:birch_sapling":2,"create:shaft":5,"create:steam_engine":2,"minecraft:furnace":1,"minecraft:oak_sapling":46,"create:fluid_pipe":2,"tombstone:gift":1,"comforts:sleeping_bag_white":1,"minecraft:cooked_beef":3,"minecraft:water_bucket":5,"minecraft:stone_pickaxe":262,"minecraft:oak_planks":1,"minecraft:wooden_pickaxe":59,"minecraft:sugar_cane":14,"minecraft:crafting_table":7,"minecraft:campfire":4,"minecraft:smoker":1,"minecraft:oak_log":8,"minecraft:apple":5,"create:mechanical_press":2,"minecraft:bread":4,"minecraft:iron_pickaxe":64,"minecraft:spruce_sapling":3,"minecraft:stone_axe":143,"create:basin":3,"minecraft:cobblestone":12,"minecraft:bucket":5,"create:hand_crank":6,"create:vertical_gearbox":1,"minecraft:bone_meal":2,"create:large_cogwheel":2},"minecraft:killed":{"minecraft:spider":1,"minecraft:skeleton":3,"minecraft:sheep":3,"minecraft:zombie":7},"minecraft:broken":{"minecraft:wooden_pickaxe":1,"minecraft:stone_pickaxe":2,"minecraft:stone_axe":1},"minecraft:custom":{"minecraft:mob_kills":14,"minecraft:interact_with_crafting_table":36,"minecraft:leave_game":5,"minecraft:time_since_death":47489,"minecraft:climb_one_cm":1261,"minecraft:sprint_one_cm":196654,"minecraft:walk_one_cm":429137,"minecraft:drop":32,"minecraft:play_time":141233,"minecraft:deaths":4,"minecraft:sneak_time":2307,"minecraft:walk_under_water_one_cm":38771,"minecraft:jump":1454,"minecraft:walk_on_water_one_cm":24509,"minecraft:total_world_time":141233,"minecraft:interact_with_furnace":50,"minecraft:sleep_in_bed":7,"minecraft:time_since_rest":35253,"minecraft:damage_taken":1646,"minecraft:damage_dealt":1654,"minecraft:swim_one_cm":152559,"minecraft:fly_one_cm":152217,"minecraft:player_kills":1,"minecraft:open_chest":90,"minecraft:crouch_one_cm":3362,"tombstone:undead_killed":10,"minecraft:interact_with_smoker":4,"minecraft:fall_one_cm":37251},"minecraft:picked_up":{"create:copper_sheet":2,"minecraft:crafting_table":1,"tombstone:grave_key":1,"butcher:raw_sirloin_steak":1,"minecraft:string":2,"minecraft:raw_copper":28,"minecraft:cobbled_deepslate":1,"comforts:sleeping_bag_white":2,"minecraft:sugar_cane":14,"minecraft:birch_sapling":2,"minecraft:raw_iron":29,"minecraft:stick":22,"minecraft:oak_door":6,"create:golden_sheet":5,"create:andesite_casing":2,"create:hand_crank":1,"minecraft:redstone":54,"minecraft:orange_bed":4,"minecraft:rotten_flesh":9,"minecraft:arrow":2,"minecraft:mutton":4,"minecraft:white_wool":3,"minecraft:cobblestone":190,"minecraft:birch_log":6,"minecraft:magma_block":5,"create:iron_sheet":5,"minecraft:cooked_beef":6,"minecraft:andesite":41,"minecraft:smoker":1,"minecraft:oak_log":93,"minecraft:dirt":4,"minecraft:bone":2,"minecraft:apple":4,"minecraft:wheat_seeds":4,"butcher:raw_tbone_steak":1,"minecraft:raw_gold":25,"butcher:raw_chuck_steak":1,"minecraft:oak_planks":1,"minecraft:iron_sword":3,"minecraft:dandelion":1,"minecraft:sand":7,"minecraft:spruce_sapling":3,"minecraft:spruce_log":7,"minecraft:emerald":1,"minecraft:oak_sapling":46,"minecraft:coal":74}},"DataVersion":3465}