{"stats":{"minecraft:picked_up":{"minecraft:scaffolding":4,"protection_pixel:lancer_helmet":3,"protection_pixel:slingshot_leggings":1,"minecraft:leather_leggings":1,"minecraft:copper_ingot":7,"minecraft:dandelion":1,"minecraft:spruce_stairs":2,"protection_pixel:leggingslining":1,"minecraft:enchanted_book":1,"protection_pixel:socks_boots":4,"minecraft:stone_button":6,"tombstone:grave_dust":1,"minecraft:grass_block":1,"minecraft:gunpowder":3,"minecraft:string":1,"protection_pixel:pioneer_chestplate":3,"minecraft:spider_eye":1,"minecraft:dirt":5,"protection_pixel:pneumaticgrenade":37,"protection_pixel:chestplatelining":1,"minecraft:brown_carpet":6,"protection_pixel:anchorpoint_leggings":2,"minecraft:arrow":7,"minecraft:bone":5,"protection_pixel:watertank":1,"minecraft:rotten_flesh":9,"minecraft:beetroot":1,"minecraft:beetroot_seeds":3,"protection_pixel:pneumaticgrenadelauncharm":3,"minecraft:iron_ingot":1,"protection_pixel:powerengine":3,"minecraft:spruce_sign":3,"protection_pixel:alloyarmorplate":1,"tombstone:magic_scroll":1,"minecraft:oak_planks":1,"minecraft:snowball":32,"minecraft:white_wool":1},"minecraft:killed_by":{"minecraft:player":5,"minecraft:spider":3},"minecraft:custom":{"minecraft:time_since_rest":1,"minecraft:sprint_one_cm":75494,"minecraft:damage_taken":2399,"minecraft:walk_one_cm":67726,"minecraft:drop":15,"minecraft:damage_dealt":229,"tombstone:cast_on_ally":1,"minecraft:talked_to_villager":1,"minecraft:fly_one_cm":75186,"minecraft:crouch_one_cm":2221,"minecraft:play_time":31028,"minecraft:deaths":8,"minecraft:sneak_time":1925,"minecraft:jump":316,"minecraft:leave_game":1,"minecraft:time_since_death":575,"minecraft:walk_on_water_one_cm":61,"minecraft:climb_one_cm":629,"minecraft:total_world_time":31028,"minecraft:fall_one_cm":17052},"minecraft:dropped":{"minecraft:beetroot_seeds":3,"minecraft:beetroot":1,"minecraft:rotten_flesh":6,"minecraft:spider_eye":1,"protection_pixel:powerengine":1,"protection_pixel:pneumaticgrenadelauncharm":1,"minecraft:grass_block":2},"minecraft:used":{"minecraft:spruce_sign":1,"minecraft:rotten_flesh":3,"protection_pixel:pneumaticpickaxe":12},"minecraft:mined":{"minecraft:glass_pane":1,"minecraft:fire":13,"minecraft:grass":1,"minecraft:grass_block":3,"minecraft:dirt":2,"minecraft:cobblestone":1}},"DataVersion":3465}