{"stats":{"minecraft:picked_up":{"protection_pixel:powerengine":1,"protection_pixel:watertank":1,"protection_pixel:pneumaticgrenadelauncharm":1},"minecraft:killed_by":{"minecraft:spider":2},"minecraft:custom":{"minecraft:jump":21,"minecraft:time_since_rest":4547,"minecraft:crouch_one_cm":128,"minecraft:sprint_one_cm":1444,"minecraft:deaths":2,"minecraft:play_time":5948,"minecraft:damage_taken":510,"minecraft:time_since_death":5137,"minecraft:walk_one_cm":5501,"minecraft:sneak_time":88,"minecraft:total_world_time":5948,"minecraft:drop":2,"minecraft:fly_one_cm":21827},"minecraft:dropped":{"protection_pixel:powerengine":1,"protection_pixel:pneumaticgrenadelauncharm":1}},"DataVersion":3465}