{"stats":{"minecraft:picked_up":{"tombstone:grave_key":1,"minecraft:spruce_sapling":3,"minecraft:spruce_log":7,"minecraft:string":2,"minecraft:dirt":4,"minecraft:sugar_cane":2,"minecraft:coal":67,"minecraft:cobblestone":27},"minecraft:mined":{"minecraft:spruce_log":7,"minecraft:grass_block":2,"minecraft:coal_ore":67,"minecraft:dirt":2,"minecraft:stone":27,"minecraft:sugar_cane":1},"minecraft:killed_by":{"minecraft:creeper":1},"minecraft:crafted":{"minecraft:crafting_table":1,"minecraft:spruce_planks":28,"minecraft:stick":12,"minecraft:wooden_pickaxe":1,"minecraft:stone_pickaxe":2},"minecraft:custom":{"minecraft:time_since_rest":6927,"minecraft:sprint_one_cm":14932,"minecraft:damage_taken":445,"minecraft:walk_one_cm":21058,"minecraft:mob_kills":1,"minecraft:drop":1,"minecraft:damage_dealt":49,"minecraft:swim_one_cm":4749,"minecraft:interact_with_crafting_table":3,"minecraft:fly_one_cm":11786,"minecraft:crouch_one_cm":36,"minecraft:play_time":27835,"tombstone:undead_killed":1,"minecraft:deaths":1,"minecraft:sneak_time":66,"minecraft:walk_under_water_one_cm":182,"minecraft:jump":63,"minecraft:time_since_death":7187,"minecraft:walk_on_water_one_cm":467,"minecraft:total_world_time":27835,"minecraft:fall_one_cm":2065},"minecraft:dropped":{"tombstone:grave_key":1},"minecraft:used":{"minecraft:stone_pickaxe":35,"minecraft:wooden_pickaxe":59,"minecraft:spruce_sapling":3,"minecraft:sugar_cane":2,"minecraft:dirt":1,"minecraft:crafting_table":1,"tombstone:gift":1},"minecraft:broken":{"minecraft:wooden_pickaxe":1},"minecraft:killed":{"minecraft:zombie":1}},"DataVersion":3465}