{"stats":{"minecraft:dropped":{"minecraft:iron_ingot":5,"minecraft:wheat_seeds":2,"minecraft:apple":2,"tombstone:grave_key":2,"minecraft:sand":3},"minecraft:broken":{"minecraft:wooden_pickaxe":1},"minecraft:used":{"minecraft:stone_pickaxe":124,"minecraft:oak_planks":1,"minecraft:wooden_pickaxe":59,"minecraft:iron_sword":16,"minecraft:sugar_cane":14,"minecraft:rotten_flesh":2,"minecraft:orange_bed":2,"minecraft:torch":14,"minecraft:dirt":1,"minecraft:crafting_table":5,"minecraft:smoker":1,"minecraft:oak_log":2,"minecraft:apple":5,"create:mechanical_press":1,"minecraft:bread":4,"minecraft:birch_sapling":2,"minecraft:spruce_sapling":3,"minecraft:stone_axe":128,"minecraft:cobblestone":2,"minecraft:furnace":1,"minecraft:oak_sapling":46,"minecraft:bucket":1,"tombstone:gift":1,"comforts:sleeping_bag_white":1,"create:hand_crank":1},"minecraft:killed":{"minecraft:spider":1,"minecraft:skeleton":1,"minecraft:sheep":3,"minecraft:zombie":7},"minecraft:custom":{"minecraft:interact_with_furnace":24,"minecraft:mob_kills":12,"minecraft:interact_with_crafting_table":14,"minecraft:leave_game":1,"minecraft:time_since_death":37994,"minecraft:sleep_in_bed":3,"minecraft:climb_one_cm":1261,"minecraft:time_since_rest":2520,"minecraft:sprint_one_cm":123988,"minecraft:damage_taken":1198,"minecraft:walk_one_cm":245799,"minecraft:drop":10,"minecraft:damage_dealt":1219,"minecraft:swim_one_cm":51712,"minecraft:fly_one_cm":95064,"minecraft:open_chest":18,"minecraft:crouch_one_cm":1955,"minecraft:play_time":75250,"tombstone:undead_killed":8,"minecraft:deaths":3,"minecraft:sneak_time":889,"minecraft:walk_under_water_one_cm":12890,"minecraft:jump":875,"minecraft:walk_on_water_one_cm":16817,"minecraft:interact_with_smoker":4,"minecraft:total_world_time":75250,"minecraft:fall_one_cm":20407},"minecraft:killed_by":{"minecraft:creeper":1,"minecraft:spider":1,"minecraft:drowned":1},"minecraft:picked_up":{"minecraft:birch_log":6,"create:iron_sheet":5,"minecraft:crafting_table":1,"minecraft:magma_block":5,"minecraft:cooked_beef":6,"minecraft:andesite":40,"minecraft:smoker":1,"tombstone:grave_key":1,"minecraft:oak_log":93,"minecraft:dirt":4,"minecraft:string":2,"minecraft:raw_copper":3,"minecraft:bone":1,"minecraft:apple":4,"minecraft:wheat_seeds":3,"comforts:sleeping_bag_white":1,"minecraft:sugar_cane":14,"minecraft:oak_planks":1,"minecraft:birch_sapling":2,"minecraft:iron_sword":3,"minecraft:stick":22,"minecraft:raw_iron":23,"create:andesite_casing":2,"minecraft:sand":3,"minecraft:spruce_sapling":3,"minecraft:spruce_log":7,"minecraft:orange_bed":2,"minecraft:arrow":1,"minecraft:rotten_flesh":7,"minecraft:oak_sapling":46,"minecraft:mutton":4,"minecraft:coal":74,"minecraft:white_wool":3,"minecraft:cobblestone":35},"minecraft:mined":{"minecraft:oak_sapling":1,"minecraft:smoker":1,"create:andesite_casing":2,"minecraft:crafting_table":1,"minecraft:grass_block":2,"minecraft:tall_grass":2,"minecraft:copper_ore":1,"minecraft:cobblestone":2,"minecraft:sugar_cane":5,"minecraft:magma_block":10,"minecraft:birch_log":6,"minecraft:iron_ore":23,"minecraft:spruce_log":7,"minecraft:andesite":42,"minecraft:grass":3,"minecraft:oak_log":93,"minecraft:coal_ore":74,"minecraft:sand":3,"minecraft:dirt":2,"minecraft:stone":28},"minecraft:crafted":{"minecraft:oak_planks":8,"create:andesite_alloy":5,"create:hand_crank":1,"minecraft:iron_nugget":45,"minecraft:crafting_table":4,"minecraft:spruce_planks":28,"comforts:sleeping_bag_white":1,"minecraft:wooden_pickaxe":1,"minecraft:furnace":1,"minecraft:bucket":1,"minecraft:stone_axe":3,"minecraft:air":0,"create:mechanical_press":1,"minecraft:stick":12,"minecraft:iron_ingot":29,"minecraft:iron_pickaxe":1,"minecraft:stone_pickaxe":2,"minecraft:iron_block":1,"create:shaft":8,"minecraft:torch":40,"create:cogwheel":1}},"DataVersion":3465}