{"stats":{"minecraft:picked_up":{"minecraft:bone":1,"minecraft:arrow":1,"protection_pixel:lancer_helmet":2,"protection_pixel:watertank":1,"protection_pixel:anchorpoint_leggings":2,"minecraft:rotten_flesh":8,"minecraft:leather_leggings":1,"protection_pixel:pneumaticgrenadelauncharm":3,"protection_pixel:leggingslining":1,"minecraft:iron_ingot":1,"minecraft:enchanted_book":1,"protection_pixel:socks_boots":3,"protection_pixel:powerengine":3,"minecraft:stone_button":6,"tombstone:grave_dust":1,"protection_pixel:alloyarmorplate":1,"minecraft:grass_block":1,"tombstone:magic_scroll":1,"minecraft:spider_eye":1,"protection_pixel:pioneer_chestplate":2,"minecraft:snowball":32,"minecraft:white_wool":1,"protection_pixel:chestplatelining":1,"protection_pixel:pneumaticgrenade":37},"minecraft:killed_by":{"minecraft:spider":2,"minecraft:player":2},"minecraft:custom":{"minecraft:time_since_rest":1743,"minecraft:walk_one_cm":25138,"minecraft:crouch_one_cm":1169,"minecraft:play_time":17948,"minecraft:sprint_one_cm":13551,"minecraft:damage_taken":1018,"minecraft:deaths":4,"minecraft:sneak_time":1190,"minecraft:drop":4,"minecraft:jump":109,"minecraft:time_since_death":2230,"minecraft:total_world_time":17948,"minecraft:fall_one_cm":915,"minecraft:fly_one_cm":37443},"minecraft:dropped":{"protection_pixel:powerengine":1,"minecraft:grass_block":2,"protection_pixel:pneumaticgrenadelauncharm":1}},"DataVersion":3465}