{"stats":{"minecraft:dropped":{"minecraft:wheat_seeds":2,"tombstone:grave_key":2,"minecraft:sand":3},"minecraft:crafted":{"minecraft:oak_planks":8,"create:andesite_alloy":5,"minecraft:crafting_table":4,"minecraft:spruce_planks":28,"comforts:sleeping_bag_white":1,"minecraft:wooden_pickaxe":1,"minecraft:furnace":1,"minecraft:stone_axe":3,"minecraft:air":0,"minecraft:stick":12,"minecraft:iron_ingot":7,"minecraft:stone_pickaxe":2,"create:shaft":8,"minecraft:torch":40},"minecraft:used":{"minecraft:stone_pickaxe":91,"minecraft:wooden_pickaxe":59,"minecraft:iron_sword":13,"minecraft:sugar_cane":14,"minecraft:orange_bed":2,"minecraft:torch":14,"minecraft:dirt":1,"minecraft:crafting_table":4,"minecraft:smoker":1,"minecraft:oak_log":1,"minecraft:apple":5,"minecraft:birch_sapling":2,"minecraft:spruce_sapling":3,"minecraft:stone_axe":126,"minecraft:cobblestone":1,"minecraft:furnace":1,"minecraft:oak_sapling":46,"tombstone:gift":1,"comforts:sleeping_bag_white":1},"minecraft:custom":{"minecraft:interact_with_furnace":9,"minecraft:mob_kills":11,"minecraft:interact_with_crafting_table":8,"minecraft:leave_game":1,"minecraft:time_since_death":27699,"minecraft:sleep_in_bed":2,"minecraft:climb_one_cm":1261,"minecraft:time_since_rest":3260,"minecraft:sprint_one_cm":95778,"minecraft:damage_taken":1042,"minecraft:walk_one_cm":221018,"minecraft:drop":7,"minecraft:damage_dealt":1070,"minecraft:swim_one_cm":51712,"minecraft:fly_one_cm":73403,"minecraft:open_chest":12,"minecraft:crouch_one_cm":563,"minecraft:play_time":64955,"tombstone:undead_killed":7,"minecraft:deaths":3,"minecraft:sneak_time":613,"minecraft:walk_under_water_one_cm":12890,"minecraft:jump":693,"minecraft:walk_on_water_one_cm":16817,"minecraft:interact_with_smoker":2,"minecraft:total_world_time":64955,"minecraft:fall_one_cm":15605},"minecraft:broken":{"minecraft:wooden_pickaxe":1},"minecraft:killed":{"minecraft:spider":1,"minecraft:sheep":3,"minecraft:zombie":7},"minecraft:picked_up":{"minecraft:birch_log":6,"minecraft:magma_block":5,"minecraft:cooked_beef":6,"minecraft:andesite":11,"minecraft:smoker":1,"minecraft:oak_log":93,"tombstone:grave_key":1,"minecraft:string":2,"minecraft:dirt":4,"minecraft:raw_copper":3,"minecraft:apple":4,"minecraft:wheat_seeds":3,"comforts:sleeping_bag_white":1,"minecraft:sugar_cane":14,"minecraft:birch_sapling":2,"minecraft:iron_sword":3,"minecraft:stick":22,"minecraft:raw_iron":23,"minecraft:sand":3,"minecraft:spruce_sapling":3,"minecraft:spruce_log":7,"minecraft:orange_bed":2,"minecraft:rotten_flesh":5,"minecraft:oak_sapling":46,"minecraft:mutton":4,"minecraft:coal":74,"minecraft:white_wool":3,"minecraft:cobblestone":35},"minecraft:killed_by":{"minecraft:creeper":1,"minecraft:spider":1,"minecraft:drowned":1},"minecraft:mined":{"minecraft:oak_sapling":1,"minecraft:smoker":1,"minecraft:grass_block":2,"minecraft:copper_ore":1,"minecraft:tall_grass":2,"minecraft:cobblestone":2,"minecraft:sugar_cane":5,"minecraft:magma_block":10,"minecraft:birch_log":6,"minecraft:iron_ore":23,"minecraft:spruce_log":7,"minecraft:andesite":11,"minecraft:grass":3,"minecraft:coal_ore":74,"minecraft:oak_log":93,"minecraft:sand":3,"minecraft:dirt":2,"minecraft:stone":28}},"DataVersion":3465}