{"stats":{"minecraft:dropped":{"tombstone:grave_key":1},"minecraft:used":{"tombstone:gift":1},"minecraft:custom":{"minecraft:time_since_rest":1,"minecraft:crouch_one_cm":287,"minecraft:play_time":6731,"minecraft:sprint_one_cm":25258,"minecraft:walk_one_cm":10916,"minecraft:damage_taken":585,"minecraft:deaths":2,"minecraft:sneak_time":228,"minecraft:walk_under_water_one_cm":1131,"minecraft:drop":1,"minecraft:jump":137,"minecraft:damage_dealt":220,"minecraft:leave_game":1,"minecraft:time_since_death":732,"minecraft:walk_on_water_one_cm":4774,"minecraft:total_world_time":7647,"minecraft:climb_one_cm":162,"minecraft:swim_one_cm":5449,"minecraft:fall_one_cm":5079,"minecraft:fly_one_cm":45752},"minecraft:mined":{"minecraft:lily_pad":1},"minecraft:killed_by":{"minecraft:skeleton":1,"minecraft:witch":1}},"DataVersion":3465}