{
  "minecraft:recipes/decorations/ladder": {
    "criteria": {
      "has_stick": "2024-09-23 22:54:07 +0000"
    },
    "done": true
  },
  "minecraft:recipes/decorations/brown_banner": {
    "criteria": {
      "has_brown_wool": "2024-09-23 22:55:14 +0000"
    },
    "done": true
  },
  "cfm:recipes/decorations/stripped_warped_kitchen_sink_light": {
    "criteria": {
      "has_bucket": "2024-09-23 22:59:14 +0000"
    },
    "done": true
  },
  "cfm:recipes/decorations/oak_coffee_table": {
    "criteria": {
      "has_log": "2024-09-23 22:53:54 +0000"
    },
    "done": true
  },
  "minecraft:recipes/food/cooked_chicken_from_campfire_cooking": {
    "criteria": {
      "has_chicken": "2024-09-23 22:54:59 +0000"
    },
    "done": true
  },
  "minecraft:recipes/decorations/brown_bed": {
    "criteria": {
      "has_brown_wool": "2024-09-23 22:55:14 +0000"
    },
    "done": true
  },
  "minecraft:recipes/food/cooked_mutton_from_smoking": {
    "criteria": {
      "has_mutton": "2024-09-23 22:54:41 +0000"
    },
    "done": true
  },
  "cfm:recipes/decorations/acacia_kitchen_sink_dark": {
    "criteria": {
      "has_bucket": "2024-09-23 22:59:14 +0000"
    },
    "done": true
  },
  "minecraft:recipes/tools/golden_axe": {
    "criteria": {
      "has_gold_ingot": "2024-09-23 22:59:03 +0000"
    },
    "done": true
  },
  "minecraft:recipes/decorations/oak_sign": {
    "criteria": {
      "has_planks": "2024-09-23 22:54:02 +0000"
    },
    "done": true
  },
  "minecraft:recipes/tools/golden_pickaxe": {
    "criteria": {
      "has_gold_ingot": "2024-09-23 22:59:03 +0000"
    },
    "done": true
  },
  "cfm:recipes/decorations/jungle_kitchen_sink_dark": {
    "criteria": {
      "has_bucket": "2024-09-23 22:59:14 +0000"
    },
    "done": true
  },
  "cfm:recipes/decorations/brown_kitchen_sink": {
    "criteria": {
      "has_bucket": "2024-09-23 22:59:14 +0000"
    },
    "done": true
  },
  "cfm:recipes/decorations/stripped_warped_kitchen_sink_dark": {
    "criteria": {
      "has_bucket": "2024-09-23 22:59:14 +0000"
    },
    "done": true
  },
  "butcher:firstjoinadvancement": {
    "criteria": {
      "firstjoinadvancement_0": "2024-09-23 22:49:48 +0000"
    },
    "done": true
  },
  "cfm:recipes/decorations/stripped_jungle_kitchen_sink_light": {
    "criteria": {
      "has_bucket": "2024-09-23 22:59:14 +0000"
    },
    "done": true
  },
  "minecraft:recipes/misc/gold_nugget": {
    "criteria": {
      "has_gold_ingot": "2024-09-23 22:59:03 +0000"
    },
    "done": true
  },
  "tombstone:recipes/from_grave_key": {
    "criteria": {
      "has_ingredient": "2024-09-23 22:56:59 +0000"
    },
    "done": true
  },
  "minecraft:recipes/tools/golden_shovel": {
    "criteria": {
      "has_gold_ingot": "2024-09-23 22:59:03 +0000"
    },
    "done": true
  },
  "minecraft:recipes/food/golden_apple": {
    "criteria": {
      "has_gold_ingot": "2024-09-23 22:59:03 +0000"
    },
    "done": true
  },
  "cfm:recipes/decorations/spruce_kitchen_sink_light": {
    "criteria": {
      "has_bucket": "2024-09-23 22:59:14 +0000"
    },
    "done": true
  },
  "cfm:recipes/decorations/stripped_mangrove_kitchen_sink_dark": {
    "criteria": {
      "has_bucket": "2024-09-23 22:59:14 +0000"
    },
    "done": true
  },
  "create:root": {
    "criteria": {
      "0": "2024-09-23 22:49:48 +0000"
    },
    "done": true
  },
  "minecraft:recipes/combat/golden_boots": {
    "criteria": {
      "has_gold_ingot": "2024-09-23 22:59:03 +0000"
    },
    "done": true
  },
  "minecraft:recipes/tools/wooden_axe": {
    "criteria": {
      "has_stick": "2024-09-23 22:54:07 +0000"
    },
    "done": true
  },
  "minecraft:recipes/misc/gold_nugget_from_blasting": {
    "criteria": {
      "has_golden_horse_armor": "2024-09-23 22:59:08 +0000"
    },
    "done": true
  },
  "create:recipes/building_blocks/crafting/kinetics/blue_seat": {
    "criteria": {
      "has_wool": "2024-09-23 22:54:41 +0000"
    },
    "done": true
  },
  "create:recipes/misc/crafting/appliances/crafting_blueprint": {
    "criteria": {
      "has_item": "2024-09-23 22:54:05 +0000"
    },
    "done": true
  },
  "cfm:recipes/decorations/magenta_kitchen_sink": {
    "criteria": {
      "has_bucket": "2024-09-23 22:59:14 +0000"
    },
    "done": true
  },
  "create:recipes/building_blocks/crafting/kinetics/magenta_seat": {
    "criteria": {
      "has_wool": "2024-09-23 22:54:41 +0000"
    },
    "done": true
  },
  "minecraft:recipes/decorations/crafting_table": {
    "criteria": {
      "unlock_right_away": "2024-09-23 22:49:49 +0000"
    },
    "done": true
  },
  "minecraft:recipes/decorations/chest": {
    "criteria": {
      "has_lots_of_items": "2024-09-23 22:55:00 +0000"
    },
    "done": true
  },
  "minecraft:recipes/misc/stick": {
    "criteria": {
      "has_planks": "2024-09-23 22:54:02 +0000"
    },
    "done": true
  },
  "minecraft:recipes/food/cooked_mutton_from_grill_cooking": {
    "criteria": {
      "has_mutton": "2024-09-23 22:54:41 +0000"
    },
    "done": true
  },
  "minecraft:adventure/kill_all_mobs": {
    "criteria": {
      "minecraft:skeleton": "2024-09-23 22:57:49 +0000",
      "minecraft:spider": "2024-09-23 22:55:31 +0000"
    },
    "done": false
  },
  "cfm:recipes/decorations/oak_crate": {
    "criteria": {
      "has_log": "2024-09-23 22:53:54 +0000"
    },
    "done": true
  },
  "cfm:recipes/decorations/oak_kitchen_sink_dark": {
    "criteria": {
      "has_bottom": "2024-09-23 22:54:02 +0000"
    },
    "done": true
  },
  "cfm:recipes/decorations/white_kitchen_sink": {
    "criteria": {
      "has_bucket": "2024-09-23 22:59:14 +0000"
    },
    "done": true
  },
  "create:recipes/building_blocks/crafting/kinetics/light_blue_seat": {
    "criteria": {
      "has_wool": "2024-09-23 22:54:41 +0000"
    },
    "done": true
  },
  "cfm:recipes/decorations/oak_desk_cabinet": {
    "criteria": {
      "has_log": "2024-09-23 22:53:54 +0000"
    },
    "done": true
  },
  "minecraft:recipes/combat/golden_chestplate": {
    "criteria": {
      "has_gold_ingot": "2024-09-23 22:59:03 +0000"
    },
    "done": true
  },
  "minecraft:recipes/redstone/tripwire_hook": {
    "criteria": {
      "has_string": "2024-09-23 22:59:01 +0000"
    },
    "done": true
  },
  "comforts:sleeping_bag_brown": {
    "criteria": {
      "has_brown_wool": "2024-09-23 22:55:14 +0000"
    },
    "done": true
  },
  "comforts:hammock_brown": {
    "criteria": {
      "has_brown_wool": "2024-09-23 22:55:14 +0000"
    },
    "done": true
  },
  "cfm:recipes/decorations/dark_oak_kitchen_sink_light": {
    "criteria": {
      "has_bucket": "2024-09-23 22:59:14 +0000"
    },
    "done": true
  },
  "minecraft:recipes/decorations/candle": {
    "criteria": {
      "has_string": "2024-09-23 22:59:01 +0000"
    },
    "done": true
  },
  "tombstone:adventure/cancel_ghostly_shape": {
    "criteria": {
      "coded_trigger": "2024-09-23 22:57:43 +0000"
    },
    "done": true
  },
  "cfm:recipes/decorations/stripped_oak_kitchen_drawer": {
    "criteria": {
      "has_log": "2024-09-23 22:53:54 +0000"
    },
    "done": true
  },
  "cfm:recipes/decorations/lime_kitchen_sink": {
    "criteria": {
      "has_bucket": "2024-09-23 22:59:14 +0000"
    },
    "done": true
  },
  "cfm:recipes/decorations/purple_kitchen_sink": {
    "criteria": {
      "has_bucket": "2024-09-23 22:59:14 +0000"
    },
    "done": true
  },
  "cfm:recipes/decorations/acacia_kitchen_sink_light": {
    "criteria": {
      "has_bucket": "2024-09-23 22:59:14 +0000"
    },
    "done": true
  },
  "tombstone:adventure/first_knowledge": {
    "criteria": {
      "coded_trigger": "2024-09-23 23:00:57 +0000"
    },
    "done": true
  },
  "cfm:recipes/decorations/stripped_oak_kitchen_sink_dark": {
    "criteria": {
      "has_bucket": "2024-09-23 22:59:14 +0000"
    },
    "done": true
  },
  "cfm:recipes/decorations/black_kitchen_sink": {
    "criteria": {
      "has_bucket": "2024-09-23 22:59:14 +0000"
    },
    "done": true
  },
  "minecraft:recipes/redstone/light_weighted_pressure_plate": {
    "criteria": {
      "has_gold_ingot": "2024-09-23 22:59:03 +0000"
    },
    "done": true
  },
  "cfm:recipes/decorations/orange_kitchen_sink": {
    "criteria": {
      "has_bucket": "2024-09-23 22:59:14 +0000"
    },
    "done": true
  },
  "cfm:recipes/decorations/gray_kitchen_sink": {
    "criteria": {
      "has_bucket": "2024-09-23 22:59:14 +0000"
    },
    "done": true
  },
  "cfm:recipes/decorations/oak_upgraded_fence": {
    "criteria": {
      "has_log": "2024-09-23 22:53:54 +0000"
    },
    "done": true
  },
  "cfm:recipes/decorations/stripped_spruce_kitchen_sink_light": {
    "criteria": {
      "has_bucket": "2024-09-23 22:59:14 +0000"
    },
    "done": true
  },
  "cfm:recipes/decorations/blue_kitchen_sink": {
    "criteria": {
      "has_bucket": "2024-09-23 22:59:14 +0000"
    },
    "done": true
  },
  "minecraft:recipes/building_blocks/oak_slab": {
    "criteria": {
      "has_planks": "2024-09-23 22:54:02 +0000"
    },
    "done": true
  },
  "comforts:sleeping_bag_white": {
    "criteria": {
      "has_white_wool": "2024-09-23 22:54:41 +0000"
    },
    "done": true
  },
  "cfm:recipes/decorations/spruce_kitchen_sink_dark": {
    "criteria": {
      "has_bucket": "2024-09-23 22:59:14 +0000"
    },
    "done": true
  },
  "cfm:recipes/decorations/mangrove_kitchen_sink_light": {
    "criteria": {
      "has_bucket": "2024-09-23 22:59:14 +0000"
    },
    "done": true
  },
  "minecraft:recipes/decorations/campfire": {
    "criteria": {
      "has_stick": "2024-09-23 22:54:07 +0000"
    },
    "done": true
  },
  "cfm:recipes/decorations/pink_kitchen_sink": {
    "criteria": {
      "has_bucket": "2024-09-23 22:59:14 +0000"
    },
    "done": true
  },
  "minecraft:recipes/tools/wooden_hoe": {
    "criteria": {
      "has_stick": "2024-09-23 22:54:07 +0000"
    },
    "done": true
  },
  "tombstone:adventure/first_grave": {
    "criteria": {
      "coded_trigger": "2024-09-23 22:56:57 +0000"
    },
    "done": true
  },
  "minecraft:recipes/food/cooked_chicken_from_smoking": {
    "criteria": {
      "has_chicken": "2024-09-23 22:54:59 +0000"
    },
    "done": true
  },
  "minecraft:recipes/redstone/oak_fence_gate": {
    "criteria": {
      "has_planks": "2024-09-23 22:54:02 +0000"
    },
    "done": true
  },
  "cfm:recipes/decorations/stripped_acacia_kitchen_sink_dark": {
    "criteria": {
      "has_bucket": "2024-09-23 22:59:14 +0000"
    },
    "done": true
  },
  "minecraft:recipes/misc/charcoal": {
    "criteria": {
      "has_log": "2024-09-23 22:53:54 +0000"
    },
    "done": true
  },
  "cfm:recipes/decorations/mangrove_kitchen_sink_dark": {
    "criteria": {
      "has_bucket": "2024-09-23 22:59:14 +0000"
    },
    "done": true
  },
  "cfm:recipes/decorations/oak_upgraded_gate": {
    "criteria": {
      "has_log": "2024-09-23 22:53:54 +0000"
    },
    "done": true
  },
  "cfm:recipes/decorations/stripped_acacia_kitchen_sink_light": {
    "criteria": {
      "has_bucket": "2024-09-23 22:59:14 +0000"
    },
    "done": true
  },
  "cfm:recipes/decorations/oak_desk": {
    "criteria": {
      "has_log": "2024-09-23 22:53:54 +0000"
    },
    "done": true
  },
  "cfm:recipes/decorations/oak_blinds": {
    "criteria": {
      "has_log": "2024-09-23 22:53:54 +0000"
    },
    "done": true
  },
  "cfm:recipes/decorations/brown_sofa": {
    "criteria": {
      "has_wool": "2024-09-23 22:55:14 +0000"
    },
    "done": true
  },
  "minecraft:recipes/redstone/oak_door": {
    "criteria": {
      "has_planks": "2024-09-23 22:54:02 +0000"
    },
    "done": true
  },
  "cfm:recipes/decorations/birch_kitchen_sink_light": {
    "criteria": {
      "has_bucket": "2024-09-23 22:59:14 +0000"
    },
    "done": true
  },
  "cfm:recipes/decorations/brown_trampoline": {
    "criteria": {
      "has_wool": "2024-09-23 22:55:14 +0000"
    },
    "done": true
  },
  "minecraft:recipes/combat/golden_sword": {
    "criteria": {
      "has_gold_ingot": "2024-09-23 22:59:03 +0000"
    },
    "done": true
  },
  "minecraft:recipes/tools/wooden_shovel": {
    "criteria": {
      "has_stick": "2024-09-23 22:54:07 +0000"
    },
    "done": true
  },
  "minecraft:recipes/building_blocks/gold_block": {
    "criteria": {
      "has_gold_ingot": "2024-09-23 22:59:03 +0000"
    },
    "done": true
  },
  "minecraft:adventure/root": {
    "criteria": {
      "killed_something": "2024-09-23 22:54:40 +0000"
    },
    "done": true
  },
  "cfm:recipes/decorations/oak_table": {
    "criteria": {
      "has_log": "2024-09-23 22:53:54 +0000"
    },
    "done": true
  },
  "minecraft:recipes/combat/wooden_sword": {
    "criteria": {
      "has_stick": "2024-09-23 22:54:07 +0000"
    },
    "done": true
  },
  "minecraft:recipes/building_blocks/oak_planks": {
    "criteria": {
      "has_logs": "2024-09-23 22:53:54 +0000"
    },
    "done": true
  },
  "minecraft:recipes/combat/crossbow": {
    "criteria": {
      "has_string": "2024-09-23 22:59:01 +0000"
    },
    "done": true
  },
  "create:recipes/building_blocks/crafting/kinetics/green_seat": {
    "criteria": {
      "has_wool": "2024-09-23 22:54:41 +0000"
    },
    "done": true
  },
  "minecraft:recipes/decorations/barrel": {
    "criteria": {
      "has_planks": "2024-09-23 22:54:02 +0000"
    },
    "done": true
  },
  "cfm:recipes/decorations/yellow_kitchen_sink": {
    "criteria": {
      "has_bucket": "2024-09-23 22:59:14 +0000"
    },
    "done": true
  },
  "create:recipes/building_blocks/crafting/kinetics/purple_seat": {
    "criteria": {
      "has_wool": "2024-09-23 22:54:41 +0000"
    },
    "done": true
  },
  "minecraft:recipes/decorations/white_bed": {
    "criteria": {
      "has_white_wool": "2024-09-23 22:54:41 +0000"
    },
    "done": true
  },
  "cfm:recipes/decorations/birch_kitchen_sink_dark": {
    "criteria": {
      "has_bucket": "2024-09-23 22:59:14 +0000"
    },
    "done": true
  },
  "parcool:grant_parcool_guide": {
    "criteria": {
      "tick": "2024-09-23 22:49:49 +0000"
    },
    "done": true
  },
  "tombstone:adventure/root": {
    "criteria": {
      "auto": "2024-09-23 22:49:50 +0000"
    },
    "done": true
  },
  "minecraft:recipes/building_blocks/oak_wood": {
    "criteria": {
      "has_log": "2024-09-23 22:53:54 +0000"
    },
    "done": true
  },
  "cfm:recipes/decorations/stripped_oak_desk": {
    "criteria": {
      "has_planks": "2024-09-23 22:53:54 +0000"
    },
    "done": true
  },
  "cfm:recipes/decorations/cyan_kitchen_sink": {
    "criteria": {
      "has_bucket": "2024-09-23 22:59:14 +0000"
    },
    "done": true
  },
  "cfm:recipes/decorations/stripped_oak_crate": {
    "criteria": {
      "has_planks": "2024-09-23 22:53:54 +0000"
    },
    "done": true
  },
  "cfm:recipes/decorations/green_kitchen_sink": {
    "criteria": {
      "has_bucket": "2024-09-23 22:59:14 +0000"
    },
    "done": true
  },
  "cfm:recipes/decorations/oak_kitchen_counter": {
    "criteria": {
      "has_log": "2024-09-23 22:53:54 +0000"
    },
    "done": true
  },
  "minecraft:recipes/food/cake": {
    "criteria": {
      "has_egg": "2024-09-23 22:55:00 +0000"
    },
    "done": true
  },
  "cfm:recipes/decorations/stripped_oak_kitchen_counter": {
    "criteria": {
      "has_log": "2024-09-23 22:53:54 +0000"
    },
    "done": true
  },
  "cfm:recipes/decorations/stripped_dark_oak_kitchen_sink_dark": {
    "criteria": {
      "has_bucket": "2024-09-23 22:59:14 +0000"
    },
    "done": true
  },
  "cfm:recipes/decorations/stripped_crimson_kitchen_sink_light": {
    "criteria": {
      "has_bucket": "2024-09-23 22:59:14 +0000"
    },
    "done": true
  },
  "cfm:recipes/decorations/stripped_oak_table": {
    "criteria": {
      "has_planks": "2024-09-23 22:53:54 +0000"
    },
    "done": true
  },
  "minecraft:recipes/food/cooked_chicken_from_grill_cooking": {
    "criteria": {
      "has_chicken": "2024-09-23 22:54:59 +0000"
    },
    "done": true
  },
  "cfm:recipes/decorations/stripped_crimson_kitchen_sink_dark": {
    "criteria": {
      "has_bucket": "2024-09-23 22:59:14 +0000"
    },
    "done": true
  },
  "minecraft:recipes/redstone/oak_trapdoor": {
    "criteria": {
      "has_planks": "2024-09-23 22:54:02 +0000"
    },
    "done": true
  },
  "cfm:recipes/decorations/stripped_oak_desk_cabinet": {
    "criteria": {
      "has_planks": "2024-09-23 22:53:54 +0000"
    },
    "done": true
  },
  "create:recipes/building_blocks/crafting/kinetics/brown_seat": {
    "criteria": {
      "has_wool": "2024-09-23 22:54:41 +0000"
    },
    "done": true
  },
  "minecraft:recipes/decorations/brown_carpet": {
    "criteria": {
      "has_brown_wool": "2024-09-23 22:55:14 +0000"
    },
    "done": true
  },
  "minecraft:recipes/misc/gold_nugget_from_smelting": {
    "criteria": {
      "has_golden_horse_armor": "2024-09-23 22:59:08 +0000"
    },
    "done": true
  },
  "minecraft:recipes/food/cooked_chicken": {
    "criteria": {
      "has_chicken": "2024-09-23 22:54:59 +0000"
    },
    "done": true
  },
  "cfm:recipes/decorations/stripped_birch_kitchen_sink_dark": {
    "criteria": {
      "has_bucket": "2024-09-23 22:59:14 +0000"
    },
    "done": true
  },
  "cfm:recipes/decorations/oak_bedside_cabinet": {
    "criteria": {
      "has_log": "2024-09-23 22:53:54 +0000"
    },
    "done": true
  },
  "minecraft:recipes/combat/bow": {
    "criteria": {
      "has_string": "2024-09-23 22:59:01 +0000"
    },
    "done": true
  },
  "create:recipes/building_blocks/crafting/kinetics/gray_seat": {
    "criteria": {
      "has_wool": "2024-09-23 22:54:41 +0000"
    },
    "done": true
  },
  "cfm:recipes/decorations/stripped_oak_bedside_cabinet": {
    "criteria": {
      "has_planks": "2024-09-23 22:53:54 +0000"
    },
    "done": true
  },
  "minecraft:recipes/decorations/painting": {
    "criteria": {
      "has_wool": "2024-09-23 22:54:41 +0000"
    },
    "done": true
  },
  "minecraft:recipes/combat/arrow": {
    "criteria": {
      "has_feather": "2024-09-23 22:55:00 +0000"
    },
    "done": true
  },
  "create:recipes/building_blocks/crafting/kinetics/red_seat": {
    "criteria": {
      "has_wool": "2024-09-23 22:54:41 +0000"
    },
    "done": true
  },
  "minecraft:recipes/combat/golden_helmet": {
    "criteria": {
      "has_gold_ingot": "2024-09-23 22:59:03 +0000"
    },
    "done": true
  },
  "create:recipes/building_blocks/crafting/kinetics/light_gray_seat": {
    "criteria": {
      "has_wool": "2024-09-23 22:54:41 +0000"
    },
    "done": true
  },
  "cfm:recipes/decorations/stripped_dark_oak_kitchen_sink_light": {
    "criteria": {
      "has_bucket": "2024-09-23 22:59:14 +0000"
    },
    "done": true
  },
  "create:recipes/building_blocks/crafting/kinetics/orange_seat": {
    "criteria": {
      "has_wool": "2024-09-23 22:54:41 +0000"
    },
    "done": true
  },
  "cfm:recipes/decorations/oak_chair": {
    "criteria": {
      "has_log": "2024-09-23 22:53:54 +0000"
    },
    "done": true
  },
  "tombstone:adventure/choose_knowledge": {
    "criteria": {
      "coded_trigger": "2024-09-23 23:01:44 +0000"
    },
    "done": true
  },
  "cfm:recipes/decorations/warped_kitchen_sink_dark": {
    "criteria": {
      "has_bucket": "2024-09-23 22:59:14 +0000"
    },
    "done": true
  },
  "minecraft:recipes/tools/fishing_rod": {
    "criteria": {
      "has_string": "2024-09-23 22:59:01 +0000"
    },
    "done": true
  },
  "cfm:recipes/decorations/stripped_oak_cabinet": {
    "criteria": {
      "has_log": "2024-09-23 22:53:54 +0000"
    },
    "done": true
  },
  "cfm:recipes/decorations/crimson_kitchen_sink_light": {
    "criteria": {
      "has_bucket": "2024-09-23 22:59:14 +0000"
    },
    "done": true
  },
  "cfm:recipes/decorations/dark_oak_kitchen_sink_dark": {
    "criteria": {
      "has_bucket": "2024-09-23 22:59:14 +0000"
    },
    "done": true
  },
  "cfm:recipes/decorations/stripped_jungle_kitchen_sink_dark": {
    "criteria": {
      "has_bucket": "2024-09-23 22:59:14 +0000"
    },
    "done": true
  },
  "minecraft:recipes/building_blocks/oak_stairs": {
    "criteria": {
      "has_planks": "2024-09-23 22:54:02 +0000"
    },
    "done": true
  },
  "minecraft:recipes/decorations/oak_fence": {
    "criteria": {
      "has_planks": "2024-09-23 22:54:02 +0000"
    },
    "done": true
  },
  "minecraft:recipes/misc/bone_meal": {
    "criteria": {
      "has_bone": "2024-09-23 22:59:11 +0000"
    },
    "done": true
  },
  "cfm:recipes/decorations/jungle_kitchen_sink_light": {
    "criteria": {
      "has_bucket": "2024-09-23 22:59:14 +0000"
    },
    "done": true
  },
  "cfm:recipes/decorations/light_gray_kitchen_sink": {
    "criteria": {
      "has_bucket": "2024-09-23 22:59:14 +0000"
    },
    "done": true
  },
  "mca:recipes/misc/needle_and_thread": {
    "criteria": {
      "has_item": "2024-09-23 22:59:01 +0000"
    },
    "done": true
  },
  "tombstone:adventure/chain_death": {
    "criteria": {
      "coded_trigger": "2024-09-23 23:00:57 +0000"
    },
    "done": true
  },
  "cfm:recipes/decorations/stripped_mangrove_kitchen_sink_light": {
    "criteria": {
      "has_bucket": "2024-09-23 22:59:14 +0000"
    },
    "done": true
  },
  "create:recipes/building_blocks/crafting/kinetics/cyan_seat": {
    "criteria": {
      "has_wool": "2024-09-23 22:54:41 +0000"
    },
    "done": true
  },
  "cfm:recipes/decorations/stripped_oak_park_bench": {
    "criteria": {
      "has_log": "2024-09-23 22:53:54 +0000"
    },
    "done": true
  },
  "minecraft:recipes/decorations/white_carpet": {
    "criteria": {
      "has_white_wool": "2024-09-23 22:54:41 +0000"
    },
    "done": true
  },
  "minecraft:recipes/redstone/oak_button": {
    "criteria": {
      "has_planks": "2024-09-23 22:54:02 +0000"
    },
    "done": true
  },
  "cfm:recipes/decorations/stripped_oak_coffee_table": {
    "criteria": {
      "has_planks": "2024-09-23 22:53:54 +0000"
    },
    "done": true
  },
  "cfm:recipes/decorations/white_trampoline": {
    "criteria": {
      "has_wool": "2024-09-23 22:54:41 +0000"
    },
    "done": true
  },
  "cfm:recipes/decorations/warped_kitchen_sink_light": {
    "criteria": {
      "has_bucket": "2024-09-23 22:59:14 +0000"
    },
    "done": true
  },
  "cfm:recipes/decorations/stripped_birch_kitchen_sink_light": {
    "criteria": {
      "has_bucket": "2024-09-23 22:59:14 +0000"
    },
    "done": true
  },
  "create:recipes/building_blocks/crafting/kinetics/pink_seat": {
    "criteria": {
      "has_wool": "2024-09-23 22:54:41 +0000"
    },
    "done": true
  },
  "create:recipes/building_blocks/crafting/kinetics/black_seat": {
    "criteria": {
      "has_wool": "2024-09-23 22:54:41 +0000"
    },
    "done": true
  },
  "minecraft:recipes/brewing/fermented_spider_eye": {
    "criteria": {
      "has_spider_eye": "2024-09-23 23:02:58 +0000"
    },
    "done": true
  },
  "minecraft:recipes/food/cooked_mutton": {
    "criteria": {
      "has_mutton": "2024-09-23 22:54:41 +0000"
    },
    "done": true
  },
  "minecraft:recipes/decorations/white_banner": {
    "criteria": {
      "has_white_wool": "2024-09-23 22:54:41 +0000"
    },
    "done": true
  },
  "cfm:recipes/decorations/oak_park_bench": {
    "criteria": {
      "has_log": "2024-09-23 22:53:54 +0000"
    },
    "done": true
  },
  "minecraft:recipes/tools/wooden_pickaxe": {
    "criteria": {
      "has_stick": "2024-09-23 22:54:07 +0000"
    },
    "done": true
  },
  "minecraft:recipes/redstone/oak_pressure_plate": {
    "criteria": {
      "has_planks": "2024-09-23 22:54:02 +0000"
    },
    "done": true
  },
  "mca:recipes/misc/potions": {
    "criteria": {
      "has_item": "2024-09-23 22:55:00 +0000"
    },
    "done": true
  },
  "cfm:recipes/decorations/crimson_kitchen_sink_dark": {
    "criteria": {
      "has_bucket": "2024-09-23 22:59:14 +0000"
    },
    "done": true
  },
  "cfm:recipes/decorations/stripped_oak_kitchen_sink_light": {
    "criteria": {
      "has_bucket": "2024-09-23 22:59:14 +0000"
    },
    "done": true
  },
  "sophisticatedbackpacks:recipes/misc/copper_backpack": {
    "criteria": {
      "has_backpack": "2024-09-23 22:59:03 +0000"
    },
    "done": true
  },
  "minecraft:recipes/food/cooked_mutton_from_campfire_cooking": {
    "criteria": {
      "has_mutton": "2024-09-23 22:54:41 +0000"
    },
    "done": true
  },
  "cfm:recipes/decorations/white_sofa": {
    "criteria": {
      "has_wool": "2024-09-23 22:54:41 +0000"
    },
    "done": true
  },
  "create:recipes/building_blocks/crafting/kinetics/white_seat": {
    "criteria": {
      "has_wool": "2024-09-23 22:54:41 +0000"
    },
    "done": true
  },
  "minecraft:recipes/building_blocks/white_wool_from_string": {
    "criteria": {
      "has_string": "2024-09-23 22:59:01 +0000"
    },
    "done": true
  },
  "cfm:recipes/decorations/stripped_oak_chair": {
    "criteria": {
      "has_planks": "2024-09-23 22:53:54 +0000"
    },
    "done": true
  },
  "cfm:recipes/decorations/oak_kitchen_sink_light": {
    "criteria": {
      "has_bottom": "2024-09-23 22:54:02 +0000"
    },
    "done": true
  },
  "comforts:hammock_white": {
    "criteria": {
      "has_white_wool": "2024-09-23 22:54:41 +0000"
    },
    "done": true
  },
  "create:recipes/building_blocks/oak_window": {
    "criteria": {
      "has_ingredient": "2024-09-23 22:54:02 +0000"
    },
    "done": true
  },
  "cfm:recipes/decorations/oak_cabinet": {
    "criteria": {
      "has_log": "2024-09-23 22:53:54 +0000"
    },
    "done": true
  },
  "minecraft:adventure/kill_a_mob": {
    "criteria": {
      "minecraft:spider": "2024-09-23 22:55:31 +0000"
    },
    "done": true
  },
  "minecraft:adventure/adventuring_time": {
    "criteria": {
      "minecraft:windswept_hills": "2024-09-23 22:49:50 +0000",
      "minecraft:plains": "2024-09-23 22:56:43 +0000"
    },
    "done": false
  },
  "create:recipes/building_blocks/crafting/kinetics/lime_seat": {
    "criteria": {
      "has_wool": "2024-09-23 22:54:41 +0000"
    },
    "done": true
  },
  "minecraft:recipes/tools/golden_hoe": {
    "criteria": {
      "has_gold_ingot": "2024-09-23 22:59:03 +0000"
    },
    "done": true
  },
  "cfm:recipes/decorations/oak_kitchen_drawer": {
    "criteria": {
      "has_log": "2024-09-23 22:53:54 +0000"
    },
    "done": true
  },
  "cfm:recipes/decorations/light_blue_kitchen_sink": {
    "criteria": {
      "has_bucket": "2024-09-23 22:59:14 +0000"
    },
    "done": true
  },
  "minecraft:recipes/decorations/loom": {
    "criteria": {
      "has_string": "2024-09-23 22:59:01 +0000"
    },
    "done": true
  },
  "cfm:recipes/decorations/red_kitchen_sink": {
    "criteria": {
      "has_bucket": "2024-09-23 22:59:14 +0000"
    },
    "done": true
  },
  "minecraft:story/root": {
    "criteria": {
      "crafting_table": "2024-09-23 22:54:05 +0000"
    },
    "done": true
  },
  "create:recipes/building_blocks/crafting/kinetics/yellow_seat": {
    "criteria": {
      "has_wool": "2024-09-23 22:54:41 +0000"
    },
    "done": true
  },
  "minecraft:recipes/combat/golden_leggings": {
    "criteria": {
      "has_gold_ingot": "2024-09-23 22:59:03 +0000"
    },
    "done": true
  },
  "cfm:recipes/decorations/stripped_spruce_kitchen_sink_dark": {
    "criteria": {
      "has_bucket": "2024-09-23 22:59:14 +0000"
    },
    "done": true
  },
  "sophisticatedbackpacks:recipes/misc/iron_backpack": {
    "criteria": {
      "has_backpack": "2024-09-23 22:59:03 +0000"
    },
    "done": true
  },
  "DataVersion": 3465
}