{
  "butcher:firstjoinadvancement": {
    "criteria": {
      "firstjoinadvancement_0": "2024-09-22 02:04:38 -0300"
    },
    "done": true
  },
  "create:root": {
    "criteria": {
      "0": "2024-09-22 02:04:38 -0300"
    },
    "done": true
  },
  "minecraft:recipes/decorations/crafting_table": {
    "criteria": {
      "unlock_right_away": "2024-09-22 02:04:38 -0300"
    },
    "done": true
  },
  "mca:root": {
    "criteria": {
      "village_plains": "2024-09-22 02:05:44 -0300"
    },
    "done": true
  },
  "parcool:grant_parcool_guide": {
    "criteria": {
      "tick": "2024-09-22 02:04:38 -0300"
    },
    "done": true
  },
  "tombstone:adventure/root": {
    "criteria": {
      "auto": "2024-09-22 02:04:53 -0300"
    },
    "done": true
  },
  "minecraft:adventure/adventuring_time": {
    "criteria": {
      "minecraft:forest": "2024-09-22 02:04:53 -0300",
      "minecraft:plains": "2024-09-22 02:05:44 -0300"
    },
    "done": false
  },
  "DataVersion": 3465
}