{
  "butcher:firstjoinadvancement": {
    "criteria": {
      "firstjoinadvancement_0": "2024-09-23 17:59:09 -0300"
    },
    "done": true
  },
  "create:root": {
    "criteria": {
      "0": "2024-09-23 17:59:09 -0300"
    },
    "done": true
  },
  "minecraft:recipes/decorations/crafting_table": {
    "criteria": {
      "unlock_right_away": "2024-09-23 17:59:17 -0300"
    },
    "done": true
  },
  "mca:root": {
    "criteria": {
      "village_plains": "2024-09-23 18:00:12 -0300"
    },
    "done": true
  },
  "parcool:grant_parcool_guide": {
    "criteria": {
      "tick": "2024-09-23 17:59:17 -0300"
    },
    "done": true
  },
  "tombstone:adventure/root": {
    "criteria": {
      "auto": "2024-09-23 17:59:21 -0300"
    },
    "done": true
  },
  "minecraft:adventure/adventuring_time": {
    "criteria": {
      "minecraft:snowy_plains": "2024-09-23 18:00:58 -0300",
      "minecraft:ice_spikes": "2024-09-23 17:59:21 -0300",
      "minecraft:plains": "2024-09-23 18:00:12 -0300"
    },
    "done": false
  },
  "DataVersion": 3465
}